customerID,Churn,Churn_index,prediction,Prob_0,Prob_1
0002-ORFBO,No,0.0,0.0,0.7931657650317205,0.20683423496827943
0030-FNXPP,No,0.0,0.0,0.8311751364859672,0.16882486351403286
0031-PVLZI,Yes,1.0,0.0,0.8601229221464731,0.13987707785352693
0052-DCKON,No,0.0,0.0,0.7881559543118694,0.2118440456881307
0052-YNYOT,No,0.0,0.0,0.8845192326214114,0.11548076737858855
0056-EPFBG,No,0.0,0.0,0.9290318206726368,0.07096817932736325
0064-SUDOG,No,0.0,0.0,0.9424720948839569,0.05752790511604313
0071-NDAFP,No,0.0,0.0,0.8580747466732744,0.14192525332672562
0074-HDKDG,No,0.0,0.0,0.8997042066998304,0.10029579330016958
0078-XZMHT,No,0.0,0.0,0.92699928942682,0.07300071057318011
0082-LDZUE,No,0.0,1.0,0.42016988118707144,0.5798301188129286
0098-BOWSO,No,0.0,0.0,0.8578751461956649,0.14212485380433518
0104-PPXDV,No,0.0,0.0,0.8630429457172145,0.13695705428278548
0107-YHINA,Yes,1.0,1.0,0.3211458341444432,0.6788541658555567
0122-OAHPZ,Yes,1.0,1.0,0.462759253886316,0.537240746113684
0123-CRBRT,No,0.0,0.0,0.9217521951839142,0.0782478048160859
0125-LZQXK,Yes,1.0,0.0,0.5640725034709975,0.4359274965290025
0129-QMPDR,No,0.0,0.0,0.9137605168853792,0.08623948311462078
0137-UDEUO,Yes,1.0,0.0,0.8311751364859672,0.16882486351403286
0139-IVFJG,No,0.0,0.0,0.534647688088554,0.46535231191144605
0147-ESWWR,No,0.0,0.0,0.6540923070555699,0.34590769294443013
0177-PXBAT,No,0.0,0.0,0.7013111853805264,0.29868881461947355
0187-QSXOE,No,0.0,1.0,0.4087194479626791,0.5912805520373209
0188-GWFLE,No,0.0,0.0,0.8477167967747574,0.1522832032252426
0191-EQUUH,No,0.0,0.0,0.8999350545122478,0.1000649454877523
0206-OYVOC,No,0.0,0.0,0.9538609192346748,0.04613908076532523
0214-JHPFW,No,0.0,0.0,0.9284200798551792,0.0715799201448209
0219-YTZUE,Yes,1.0,1.0,0.43148860977363895,0.568511390226361
0222-CNVPT,No,0.0,0.0,0.7336873862413329,0.2663126137586671
0224-HJAPT,Yes,1.0,0.0,0.6315642278166309,0.36843577218336915
0233-FTHAV,No,0.0,0.0,0.8203296083887472,0.1796703916112527
0234-TEVTT,No,0.0,0.0,0.8907827153834431,0.1092172846165569
0235-KGSLC,Yes,1.0,1.0,0.3551250432296235,0.6448749567703765
0239-OXEXL,No,0.0,0.0,0.7345641833262084,0.2654358166737915
0254-FNMCI,No,0.0,0.0,0.9014089999491244,0.09859100005087561
0257-KXZGU,No,0.0,0.0,0.7919177895327497,0.20808221046725028
0268-QKIWO,Yes,1.0,0.0,0.8267746247170343,0.1732253752829657
0280-XJGEX,Yes,1.0,0.0,0.6152325048859761,0.3847674951140239
0281-CNTZX,No,0.0,0.0,0.9491424294539128,0.050857570546087236
0285-INHLN,No,0.0,0.0,0.7691862604878997,0.23081373951210032
0307-BCOPK,No,0.0,0.0,0.8860268107347081,0.11397318926529185
0310-VQXAM,No,0.0,0.0,0.8512491524544594,0.14875084754554058
0315-LVCRK,No,0.0,1.0,0.4177667370568743,0.5822332629431257
0320-JDNQG,Yes,1.0,0.0,0.6770708040155042,0.3229291959844957
0323-XWWTN,No,0.0,0.0,0.8349481530645991,0.1650518469354009
0326-VDYXE,No,0.0,0.0,0.7824765094112138,0.21752349058878628
0336-PIKEI,No,0.0,0.0,0.9243707267236204,0.07562927327637951
0345-XMMUG,No,0.0,0.0,0.9005868052708937,0.09941319472910634
0347-UBKUZ,No,0.0,0.0,0.8477167967747574,0.1522832032252426
0354-WYROK,Yes,1.0,0.0,0.6410577013751932,0.3589422986248067
0363-QJVFX,Yes,1.0,0.0,0.7369820036462528,0.26301799635374723
0365-TRTPY,No,0.0,0.0,0.6920194065734139,0.30798059342658607
0375-HVGXO,Yes,1.0,1.0,0.4166070194542751,0.5833929805457249
0377-JBKKT,No,0.0,0.0,0.7861431928974557,0.2138568071025442
0378-CJKPV,No,0.0,0.0,0.9113897659676636,0.08861023403233645
0378-TOVMS,Yes,1.0,1.0,0.4999165498364533,0.5000834501635467
0378-XSZPU,Yes,1.0,0.0,0.8988223706324532,0.1011776293675468
0384-LPITE,No,0.0,0.0,0.8838002721837466,0.11619972781625346
0390-DCFDQ,Yes,1.0,1.0,0.31505124410872676,0.6849487558912732
0394-YONDK,No,0.0,0.0,0.9539535675015135,0.0460464324984865
0396-UKGAI,No,0.0,0.0,0.7736965850016223,0.22630341499837758
0397-ZXWQF,No,0.0,0.0,0.9522788355314954,0.04772116446850468
0404-SWRVG,Yes,1.0,1.0,0.3972278858630372,0.6027721141369629
0407-BDJKB,Yes,1.0,0.0,0.6669454023541984,0.33305459764580153
0411-EZJZE,No,0.0,0.0,0.5302192873766509,0.4697807126233491
0436-TWFFZ,No,0.0,0.0,0.927507132801203,0.07249286719879695
0439-IFYUN,No,0.0,0.0,0.5251526214540498,0.4748473785459502
0442-ZXKVS,No,0.0,0.0,0.834064124417525,0.16593587558247502
0447-BEMNG,Yes,1.0,0.0,0.8062710019398858,0.19372899806011415
0447-RXSGD,No,0.0,0.0,0.5767915657334491,0.4232084342665508
0455-ENTCR,No,0.0,0.0,0.8358850145832177,0.16411498541678224
0463-WZZKO,No,0.0,0.0,0.8311751364859672,0.16882486351403286
0463-ZSDNT,No,0.0,0.0,0.6087017116886912,0.39129828831130875
0468-YRPXN,No,0.0,0.0,0.7232064261095446,0.2767935738904555
0487-RPVUM,No,0.0,0.0,0.7655947103220587,0.23440528967794133
0491-KAPQG,No,0.0,0.0,0.5954884032644215,0.4045115967355785
0505-SPOOW,No,0.0,0.0,0.9462988275581782,0.05370117244182183
0523-VNGTF,No,0.0,0.0,0.7640130667644559,0.235986933235544
0524-IAVZO,Yes,1.0,0.0,0.5988267197820552,0.4011732802179449
0531-XBKMM,No,0.0,0.0,0.9179078391369958,0.08209216086300421
0550-DCXLH,No,0.0,0.0,0.7482525385772533,0.25174746142274673
0562-FGDCR,No,0.0,0.0,0.9164870487086366,0.08351295129136342
0564-JJHGS,Yes,1.0,1.0,0.41861912698902715,0.5813808730109729
0564-MUUQK,No,0.0,0.0,0.5856008786201445,0.4143991213798556
0570-BFQHT,No,0.0,1.0,0.4278550463897623,0.5721449536102376
0584-BJQGZ,No,0.0,0.0,0.8154014826251619,0.18459851737483815
0587-DMGBH,Yes,1.0,0.0,0.6935882245021131,0.30641177549788695
0596-BQCEQ,Yes,1.0,0.0,0.6640473404165277,0.33595265958347226
0602-DDUML,No,0.0,0.0,0.8958273782172362,0.10417262178276368
0612-RTZZA,Yes,1.0,1.0,0.43026701765461556,0.5697329823453844
0613-WUXUM,No,0.0,0.0,0.9510173173389401,0.048982682661059825
0621-JFHOL,No,0.0,0.0,0.856924170345778,0.14307582965422203
0637-YLETY,Yes,1.0,1.0,0.46876319636821534,0.5312368036317847
0639-TSIQW,Yes,1.0,0.0,0.7205987122115498,0.27940128778845014
0640-YJTPY,No,0.0,0.0,0.9577996756629122,0.042200324337087744
0654-HMSHN,Yes,1.0,0.0,0.6463673742164258,0.35363262578357424
0661-KBKPA,No,0.0,0.0,0.8898417756495163,0.11015822435048377
0661-KQHNK,No,0.0,0.0,0.9098859092179493,0.09011409078205077
0661-WCQNQ,No,0.0,0.0,0.8740302045671197,0.1259697954328804
0673-IGUQO,No,0.0,0.0,0.8174963316306917,0.1825036683693083
0674-DGMAQ,No,0.0,0.0,0.5959877928027411,0.40401220719725894
0675-NCDYU,No,0.0,0.0,0.9116148363236918,0.08838516367630823
0679-IDSTG,Yes,1.0,1.0,0.34387504872562386,0.6561249512743762
0679-TDGAK,No,0.0,0.0,0.8866865516934995,0.11331344830650042
0691-IFBQW,Yes,1.0,0.0,0.8093456224136634,0.19065437758633674
0696-UKTOX,No,0.0,0.0,0.797421980459892,0.20257801954010812
0701-TJSEF,No,0.0,0.0,0.8136350559078976,0.18636494409210236
0707-HOVVN,No,0.0,0.0,0.9272920936086678,0.07270790639133215
0708-SJDIS,No,0.0,0.0,0.7277190970440816,0.27228090295591845
0734-OXWBT,No,0.0,0.0,0.6361133877657867,0.3638866122342133
0746-JTRFU,Yes,1.0,1.0,0.44008091607558203,0.559919083924418
0754-EEBDC,No,0.0,0.0,0.9424720948839569,0.05752790511604313
0757-WCUUZ,No,0.0,0.0,0.9254081975640744,0.07459180243592561
0774-RMNUW,No,0.0,0.0,0.9179078391369958,0.08209216086300421
0781-LKXBR,Yes,1.0,1.0,0.39565445794277004,0.60434554205723
0786-IVLAW,No,0.0,0.0,0.7069138186414574,0.2930861813585425
0793-TWELN,No,0.0,1.0,0.4756531798564233,0.5243468201435768
0795-GMVQO,No,0.0,0.0,0.81634916992712,0.18365083007288
0804-XBFBV,No,0.0,0.0,0.7004287533188577,0.29957124668114243
0804-YGEQV,No,0.0,0.0,0.9137605168853792,0.08623948311462078
0811-GSDTP,No,0.0,0.0,0.7359194679845501,0.2640805320154499
0816-TSPHQ,No,0.0,0.0,0.8477167967747574,0.1522832032252426
0823-HSCDJ,Yes,1.0,0.0,0.7025670629952787,0.2974329370047213
0836-SEYLU,Yes,1.0,0.0,0.673358308738796,0.32664169126120396
0839-QNXME,No,0.0,0.0,0.9360994940832849,0.06390050591671523
0841-NULXI,Yes,1.0,1.0,0.4166070194542751,0.5833929805457249
0847-HGRML,No,0.0,0.0,0.9566350064716775,0.04336499352832238
0851-DFJKB,No,0.0,0.0,0.7387514283111916,0.2612485716888085
0853-TWRVK,No,0.0,0.0,0.9113897659676636,0.08861023403233645
0859-YGKFW,No,0.0,0.0,0.9098859092179493,0.09011409078205077
0864-FVJNJ,No,0.0,0.0,0.8311191073684068,0.16888089263159323
0867-MKZVY,Yes,1.0,0.0,0.6377065294783301,0.3622934705216699
0869-PAPRP,No,0.0,0.0,0.619329305103783,0.38067069489621697
0871-OPBXW,No,0.0,0.0,0.8477167967747574,0.1522832032252426
0872-NXJYS,Yes,1.0,1.0,0.4372465779694193,0.5627534220305807
0875-CABNR,Yes,1.0,1.0,0.3951554997175272,0.6048445002824728
0895-DQHEW,Yes,1.0,0.0,0.6669454023541984,0.33305459764580153
0895-LNKRC,No,0.0,0.0,0.9098859092179493,0.09011409078205077
0917-EZOLA,Yes,1.0,0.0,0.8060213284170563,0.19397867158294363
0921-OHLVP,No,0.0,1.0,0.49381443043118617,0.5061855695688139
0923-PNFUB,Yes,1.0,1.0,0.3961341785193372,0.6038658214806627
0925-VYDLG,Yes,1.0,1.0,0.40025793088317535,0.5997420691168247
0927-CNGRH,No,0.0,0.0,0.7742114098656062,0.2257885901343938
0927-LCSMG,Yes,1.0,1.0,0.4784341005463094,0.5215658994536906
0929-HYQEW,No,0.0,0.0,0.6201003414322757,0.3798996585677244
0939-EREMR,No,0.0,0.0,0.7955366021098218,0.2044633978901782
0939-YAPAF,Yes,1.0,0.0,0.6472742707908765,0.3527257292091236
0946-CLJTI,Yes,1.0,0.0,0.576316661239419,0.4236833387605809
0953-LGOVU,No,0.0,0.0,0.7427497361123649,0.2572502638876351
0961-ZWLVI,No,0.0,0.0,0.8018448455958034,0.19815515440419673
0963-ZBDRN,Yes,1.0,0.0,0.6798718218526467,0.3201281781473532
0967-BMLBD,No,0.0,0.0,0.8984329361064238,0.10156706389357616
0975-VOOVL,No,0.0,0.0,0.5212693248728385,0.4787306751271616
0979-MOZQI,No,0.0,0.0,0.8817629228378007,0.11823707716219942
0988-JRWWP,No,0.0,0.0,0.5302192873766509,0.4697807126233491
0993-OSGPT,No,0.0,0.0,0.8503598313119038,0.1496401686880962
0997-YTLNY,No,0.0,0.0,0.7890600591000944,0.21093994089990567
1000-AJSLD,Yes,1.0,0.0,0.8174963316306917,0.1825036683693083
1015-JPFYW,No,0.0,0.0,0.8903829816748904,0.10961701832510953
1020-JPQOW,No,0.0,0.0,0.7478642396476431,0.25213576035235685
1024-KPRBB,No,0.0,0.0,0.8107751991075313,0.18922480089246876
1024-VRZHF,Yes,1.0,1.0,0.4722407801120283,0.5277592198879718
1028-FFNJK,No,0.0,0.0,0.6540923070555699,0.34590769294443013
1035-IPQPU,No,0.0,0.0,0.6130923243568138,0.3869076756431862
1038-ZAGBI,Yes,1.0,0.0,0.8984329361064238,0.10156706389357616
1043-UXOVO,No,0.0,0.0,0.9008077553856529,0.09919224461434702
1043-YCUTE,Yes,1.0,0.0,0.9491424294539128,0.050857570546087236
1049-FYSYG,No,0.0,0.0,0.7109035901565056,0.2890964098434944
1069-QJOEE,No,0.0,0.0,0.9054853974490165,0.09451460255098358
1073-XXCZD,No,0.0,0.0,0.9462988275581782,0.05370117244182183
1080-BWSYE,No,0.0,0.0,0.9462988275581782,0.05370117244182183
1088-AUUZZ,No,0.0,0.0,0.9207514410327303,0.0792485589672696
1088-CNNKB,No,0.0,0.0,0.8924612376506725,0.1075387623493275
1092-GANHU,Yes,1.0,1.0,0.4956979764174317,0.5043020235825684
1096-ADRUX,No,0.0,0.0,0.8224024813397401,0.17759751866025977
1099-BTKWT,No,0.0,0.0,0.8820856211579083,0.11791437884209165
1104-TNLZA,No,0.0,0.0,0.5730966092219149,0.4269033907780851
1116-DXXDF,No,0.0,0.0,0.8559847261148552,0.14401527388514476
1131-SUEKT,No,0.0,0.0,0.8609763881753786,0.1390236118246215
1137-DGOWI,No,0.0,0.0,0.8860889390274291,0.11391106097257081
1156-ZFYDO,No,0.0,0.0,0.8130958198617589,0.18690418013824112
1157-BQCUW,Yes,1.0,1.0,0.3084666890826437,0.6915333109173563
1163-VIPRI,No,0.0,0.0,0.8871675452874466,0.11283245471255351
1169-SAOCL,No,0.0,0.0,0.7300051151819374,0.2699948848180625
1174-FGIFN,No,0.0,0.0,0.7783338641433108,0.22166613585668923
1179-INLAT,No,0.0,0.0,0.8694851504459179,0.13051484955408207
1194-BHJYC,No,0.0,0.0,0.9257915171519797,0.07420848284802029
1195-OIYEJ,Yes,1.0,1.0,0.41861912698902715,0.5813808730109729
1196-AMORA,Yes,1.0,1.0,0.4941365823242607,0.5058634176757393
1202-KKGFU,No,0.0,0.0,0.7381501584352516,0.2618498415647485
1206-EHBDD,No,0.0,0.0,0.8810574910293962,0.11894250897060375
1208-NBVFH,No,0.0,0.0,0.684803229730857,0.315196770269143
1216-JWVUX,No,0.0,0.0,0.5901296507724038,0.40987034922759624
1217-VASWC,No,0.0,0.0,0.7613386818913882,0.23866131810861185
1231-YNDEK,No,0.0,0.0,0.8831308858096738,0.11686911419032624
1264-BYWMS,Yes,1.0,0.0,0.6263089299585034,0.37369107004149654
1271-SJBGZ,Yes,1.0,0.0,0.7203577191772429,0.27964228082275705
1271-UODNO,No,0.0,0.0,0.8789193209420659,0.121080679057934
1273-MTETI,Yes,1.0,1.0,0.35568764115987117,0.6443123588401288
1307-ATKGB,No,0.0,0.0,0.5628906810386888,0.43710931896131117
1307-TVUFB,No,0.0,0.0,0.5757948879925854,0.4242051120074146
1309-XGFSN,No,0.0,0.0,0.8266421379317401,0.1733578620682599
1310-QRITU,No,0.0,0.0,0.7082314331462248,0.29176856685377517
1319-YLZJG,No,0.0,1.0,0.47775256296330937,0.5222474370366906
1320-GVNHT,No,0.0,0.0,0.864169130672807,0.1358308693271929
1334-PDUKM,No,0.0,0.0,0.8264895846098342,0.17351041539016576
1336-EZFZY,No,0.0,0.0,0.8311751364859672,0.16882486351403286
1337-BOZWO,No,0.0,0.0,0.7935374494720194,0.20646255052798063
1342-JPNKI,Yes,1.0,1.0,0.3959580589725512,0.6040419410274488
1343-EHPYB,Yes,1.0,0.0,0.63946319217775,0.36053680782224995
1346-PJWTK,No,0.0,0.0,0.755965485606633,0.24403451439336707
1352-VHKAJ,No,0.0,0.0,0.7483144450650066,0.25168555493499334
1354-YZFNB,No,0.0,0.0,0.9424720948839569,0.05752790511604313
1355-KUSBG,No,0.0,0.0,0.7189321318366944,0.28106786816330565
1356-MKYSK,No,0.0,0.0,0.8086737682152828,0.1913262317847172
1357-BIJKI,No,0.0,0.0,0.7824781359515737,0.21752186404842633
1383-EZRWL,Yes,1.0,0.0,0.8512491524544594,0.14875084754554058
1384-RCUXW,No,0.0,1.0,0.4721160778440741,0.5278839221559259
1389-WNUIB,No,0.0,0.0,0.8566771337324531,0.14332286626754684
1393-IMKZG,No,0.0,1.0,0.42820592466810303,0.5717940753318971
1395-WSWXR,No,0.0,0.0,0.9054130528994557,0.09458694710054417
1402-PTHGN,No,0.0,0.0,0.8572300223978953,0.14276997760210472
1403-GYAFU,No,0.0,0.0,0.9506549984983604,0.04934500150163954
1403-LKLIK,No,0.0,0.0,0.909459441616562,0.09054055838343798
1407-DIGZV,No,0.0,0.0,0.9428344137245366,0.05716558627546342
1410-RSCMR,No,0.0,0.0,0.825437846961518,0.17456215303848194
1422-DGUBX,No,0.0,0.0,0.8226277639243498,0.1773722360756502
1431-AIDJQ,No,0.0,0.0,0.9284986300646872,0.07150136993531281
1439-LCGVL,No,0.0,0.0,0.9051032706763797,0.09489672932362025
1447-PJGGA,Yes,1.0,0.0,0.8361690881362482,0.16383091186375182
1452-VOQCH,No,0.0,1.0,0.3084666890826437,0.6915333109173563
1452-XRSJV,No,0.0,0.0,0.7492332489294692,0.2507667510705308
1455-ESIQH,Yes,1.0,1.0,0.3084666890826437,0.6915333109173563
1472-TNCWL,No,0.0,0.0,0.6510059754044415,0.3489940245955585
1475-VWVDO,No,0.0,1.0,0.4362153753784965,0.5637846246215035
1478-VPOAD,No,0.0,1.0,0.4452387967609316,0.5547612032390685
1492-KGETH,No,0.0,0.0,0.8566138004538306,0.14338619954616938
1498-NHTLT,No,0.0,0.0,0.9101622698348534,0.08983773016514661
1502-XFCVR,Yes,1.0,0.0,0.7488147051962428,0.25118529480375723
1545-ACTAS,No,0.0,0.0,0.8377846219705328,0.1622153780294672
1548-FEHVL,No,0.0,0.0,0.6768074560700352,0.32319254392996477
1550-LOAHA,Yes,1.0,0.0,0.6807248016901487,0.31927519830985124
1552-AAGRX,No,0.0,0.0,0.7082099036275039,0.2917900963724961
1555-DJEQW,Yes,1.0,0.0,0.8882890181552268,0.1117109818447733
1555-HAPSU,No,0.0,0.0,0.9539535675015135,0.0460464324984865
1557-EMYVT,No,0.0,0.0,0.870190916155675,0.12980908384432494
1561-BWHIN,No,0.0,0.0,0.909459441616562,0.09054055838343798
1563-IWQEX,No,0.0,0.0,0.8512491524544594,0.14875084754554058
1565-RHDJD,Yes,1.0,1.0,0.4526791880878191,0.547320811912181
1571-SAVHK,Yes,1.0,0.0,0.5405553559715774,0.45944464402842244
1574-DYCWE,No,0.0,0.0,0.9534986003940951,0.04650139960590494
1579-KLYDT,Yes,1.0,1.0,0.37859635999329716,0.6214036400067029
1585-MQSSU,Yes,1.0,0.0,0.735142571373952,0.26485742862604794
1587-FKLZB,Yes,1.0,0.0,0.5804544856485634,0.41954551435143655
1596-BBVTG,Yes,1.0,0.0,0.7001118945381312,0.2998881054618688
1614-JBEBI,No,0.0,0.0,0.8347074921656692,0.16529250783433083
1625-JAIIY,Yes,1.0,0.0,0.8553176784043891,0.14468232159561092
1628-BIZYP,No,0.0,1.0,0.32601132714967807,0.6739886728503219
1640-PLFMP,No,0.0,1.0,0.3084666890826437,0.6915333109173563
1642-HMARX,No,0.0,0.0,0.9099371994788252,0.09006280052117484
1657-DYMBM,No,0.0,0.0,0.9326007691651225,0.06739923083487748
1658-TJVOA,No,0.0,0.0,0.5519355743444078,0.44806442565559224
1663-MHLHE,No,0.0,0.0,0.8174963316306917,0.1825036683693083
1676-MQAOA,No,0.0,0.0,0.927507132801203,0.07249286719879695
1678-FYZOW,Yes,1.0,1.0,0.3603450740021107,0.6396549259978893
1680-VDCWW,No,0.0,0.0,0.8940767651662416,0.10592323483375847
1682-VCOIO,No,0.0,0.0,0.8970533162448464,0.10294668375515363
1684-FLBGS,No,0.0,0.0,0.7736965850016223,0.22630341499837758
1685-VAYJF,No,0.0,0.0,0.6963933613161798,0.30360663868382026
1686-STUHN,No,0.0,0.0,0.8738941218679609,0.12610587813203913
1696-HXOWK,No,0.0,0.0,0.8380538085744139,0.16194619142558597
1724-IQWNM,No,0.0,0.0,0.7742114098656062,0.2257885901343938
1728-BQDMA,No,0.0,1.0,0.4687126933822386,0.5312873066177615
1732-FEKLD,No,0.0,0.0,0.8203296083887472,0.1796703916112527
1735-XMJVH,No,0.0,0.0,0.8636552778261751,0.1363447221738249
1740-CSDJP,Yes,1.0,1.0,0.4166070194542751,0.5833929805457249
1752-OZXFY,No,0.0,0.0,0.8637394141153442,0.13626058588465575
1763-KUAAW,No,0.0,0.0,0.8974797838462335,0.10252021615376644
1763-WQFUK,No,0.0,0.0,0.628551758381474,0.37144824161852597
1767-TGTKO,No,0.0,0.0,0.6487780283513617,0.3512219716486382
1768-HNVGJ,No,0.0,0.0,0.7916162402175208,0.20838375978247925
1771-OADNZ,Yes,1.0,0.0,0.5959877928027411,0.40401220719725894
1779-PWPMG,No,0.0,0.0,0.9113897659676636,0.08861023403233645
1794-HBQTJ,Yes,1.0,1.0,0.4780257654455448,0.5219742345544552
1810-BOHSY,No,0.0,0.0,0.8370351948939299,0.16296480510607017
1813-JYWTO,No,0.0,0.0,0.8645918941294377,0.13540810587056235
1814-WFGVS,No,0.0,0.0,0.9365906215209113,0.06340937847908872
1816-FLZDK,No,0.0,0.0,0.6055636345648405,0.39443636543515936
1820-DJFPH,No,0.0,0.0,0.9577996756629122,0.042200324337087744
1834-WULEG,No,0.0,0.0,0.9098859092179493,0.09011409078205077
1839-FBNFR,No,0.0,0.0,0.9506549984983604,0.04934500150163954
1839-UMACK,No,0.0,0.0,0.86913900016995,0.13086099983004998
1846-XWOQN,Yes,1.0,1.0,0.31505124410872676,0.6849487558912732
1855-AGAWH,No,0.0,0.0,0.8091426318296875,0.19085736817031246
1855-CFULU,No,0.0,0.0,0.8311751364859672,0.16882486351403286
1875-QIVME,Yes,1.0,1.0,0.4555068788853465,0.5444931211146535
1891-UAWWU,Yes,1.0,0.0,0.5626532986596235,0.43734670134037645
1897-RCFUM,No,0.0,0.0,0.9127580106197151,0.08724198938028492
1898-JSNDC,No,0.0,0.0,0.8459373043503273,0.15406269564967265
1902-XBTFB,Yes,1.0,0.0,0.5575247519949679,0.44247524800503213
1904-WAJAA,No,0.0,0.0,0.9048937477067545,0.09510625229324564
1907-YLNYW,No,0.0,0.0,0.7244252315090823,0.27557476849091767
1910-FMXJM,No,0.0,0.0,0.6053770358699955,0.3946229641300045
1915-OAKWD,No,0.0,0.0,0.8903829816748904,0.10961701832510953
1925-LFCZZ,No,0.0,0.0,0.8730801495444677,0.12691985045553236
1926-QUZNN,No,0.0,0.0,0.9491424294539128,0.050857570546087236
1930-WNXSB,No,0.0,0.0,0.6510059754044415,0.3489940245955585
1935-IMVBB,No,0.0,0.0,0.6479657421930604,0.3520342578069397
1960-UOTYM,No,0.0,0.0,0.9049661441236033,0.09503385587639672
1971-DTCZB,No,0.0,0.0,0.9243707267236204,0.07562927327637951
1976-CFOCS,Yes,1.0,1.0,0.45182335178701466,0.5481766482129854
1981-INRFU,Yes,1.0,1.0,0.3420218792291018,0.6579781207708982
1984-GPTEH,No,0.0,0.0,0.8629926184412332,0.13700738155876682
1985-MBRYP,No,0.0,0.0,0.9522788355314954,0.04772116446850468
1986-PHGZF,No,0.0,0.0,0.7200652927449528,0.27993470725504715
1987-AUELQ,No,0.0,0.0,0.9462988275581782,0.05370117244182183
2001-EWBQU,No,0.0,0.0,0.8248488335591895,0.17515116644081047
2004-OCQXK,Yes,1.0,1.0,0.3084666890826437,0.6915333109173563
2011-TRQYE,Yes,1.0,0.0,0.7099358396708563,0.2900641603291437
2018-QKYGT,No,0.0,1.0,0.3372904936995408,0.6627095063004592
2026-TGDHM,Yes,1.0,1.0,0.4051402385011167,0.5948597614988833
2038-LLMLM,No,0.0,0.0,0.677400839217531,0.3225991607824689
2040-OBMLJ,No,0.0,0.0,0.8014260317443651,0.1985739682556349
2041-JIJCI,No,0.0,0.0,0.6294992281522686,0.37050077184773145
2058-DCJBE,Yes,1.0,1.0,0.42714626891587554,0.5728537310841245
2061-VVFST,No,0.0,0.0,0.870325612396131,0.12967438760386896
2068-WWXQZ,No,0.0,0.0,0.9522788355314954,0.04772116446850468
2070-XYMFH,No,0.0,0.0,0.5971847565324608,0.40281524346753916
2077-DDHJK,No,0.0,0.0,0.9215271248278859,0.07847287517211411
2077-MPJQO,No,0.0,1.0,0.44586991229109213,0.5541300877089079
2082-CEFLT,Yes,1.0,1.0,0.42016988118707144,0.5798301188129286
2082-OJVTK,Yes,1.0,0.0,0.6201898998521999,0.3798101001478002
2085-JVGAD,No,0.0,0.0,0.870325612396131,0.12967438760386896
2091-GPPIQ,No,0.0,0.0,0.9034762223711926,0.09652377762880741
2091-MJTFX,Yes,1.0,0.0,0.7941775313456627,0.2058224686543373
2108-GLPQB,No,0.0,0.0,0.7842229691656983,0.21577703083430172
2123-AGEEN,No,0.0,1.0,0.38217556945485953,0.6178244305451404
2126-GSEGL,No,0.0,0.0,0.9241556875310852,0.07584431246891471
2133-TSRRM,No,0.0,0.0,0.6740548064946136,0.32594519350538637
2135-DQWAQ,No,0.0,1.0,0.39586666633591805,0.604133333664082
2138-VFAPZ,No,0.0,0.0,0.9539250679954823,0.04607493200451773
2141-RRYGO,Yes,1.0,0.0,0.5560113450824311,0.4439886549175689
2143-LJULT,No,0.0,0.0,0.9491424294539128,0.050857570546087236
2144-BFDSO,No,0.0,0.0,0.6890724568826421,0.3109275431173579
2146-EGVDT,No,0.0,0.0,0.9510173173389401,0.048982682661059825
2160-GPFXD,No,0.0,0.0,0.9249541068838403,0.07504589311615968
2162-FRZAA,No,0.0,0.0,0.9313422319604218,0.06865776803957822
2169-RRLFW,No,0.0,0.0,0.9462988275581782,0.05370117244182183
2202-OUTMO,No,0.0,0.0,0.7277494851262839,0.272250514873716
2207-NHRJK,Yes,1.0,0.0,0.517440906528875,0.4825590934711251
2207-QPJED,No,0.0,0.0,0.6865393654469276,0.3134606345530723
2212-LYASK,No,0.0,0.0,0.8770175502430001,0.12298244975699987
2228-BZDEE,No,0.0,0.0,0.9522788355314954,0.04772116446850468
2233-FAGXV,No,0.0,0.0,0.8669538468293281,0.13304615317067184
2234-XADUH,No,0.0,0.0,0.842839195262307,0.157160804737693
2236-HILPA,No,0.0,0.0,0.9567971693972481,0.0432028306027519
2239-JALAW,Yes,1.0,0.0,0.737385603674744,0.2626143963252559
2243-FNMMI,No,0.0,0.0,0.8622756579645976,0.13772434203540235
2245-ADZFJ,No,0.0,0.0,0.8841210085621383,0.1158789914378617
2251-PYLPB,No,0.0,0.0,0.9243707267236204,0.07562927327637951
2252-NKNSI,No,0.0,0.0,0.8933297800652659,0.10667021993473415
2256-YLYLP,No,0.0,0.0,0.8921794164376471,0.10782058356235302
2266-FUBDZ,No,0.0,0.0,0.9428344137245366,0.05716558627546342
2267-WTPYD,No,0.0,0.0,0.6387781883831817,0.3612218116168183
2273-QCKXA,No,0.0,0.0,0.6091913857133459,0.39080861428665414
2274-XUATA,No,0.0,0.0,0.9243707267236204,0.07562927327637951
2275-RBYQS,No,0.0,1.0,0.42016988118707144,0.5798301188129286
2276-YDAVZ,Yes,1.0,1.0,0.3972278858630372,0.6027721141369629
2279-AXJJK,No,0.0,0.0,0.7281754903898024,0.2718245096101975
2284-VFLKH,No,0.0,0.0,0.7922719871440876,0.20772801285591225
2293-IJWPS,No,0.0,0.0,0.8068438519206232,0.19315614807937673
2300-RQGOI,No,0.0,0.0,0.9049865852980686,0.09501341470193138
2302-OUZXB,No,0.0,0.0,0.9036414344481362,0.09635856555186391
2322-VCZHZ,No,0.0,0.0,0.650436588249099,0.34956341175090094
2332-EFBJY,Yes,1.0,0.0,0.8477167967747574,0.1522832032252426
2333-KWEWW,No,0.0,0.0,0.9527053031328825,0.04729469686711748
2342-CKIAO,No,0.0,0.0,0.8477167967747574,0.1522832032252426
2346-CZYIL,No,0.0,0.0,0.9522788355314954,0.04772116446850468
2346-DJQTB,No,0.0,0.0,0.7660117803571107,0.23398821964288938
2348-KCJLT,No,0.0,0.0,0.8794009690328337,0.12059903096716623
2359-KLTEK,No,0.0,0.0,0.62590918946915,0.3740908105308501
2361-FJWNO,No,0.0,0.0,0.8428239064953877,0.15717609350461223
2361-UPSND,No,0.0,0.0,0.8760274557712705,0.12397254422872941
2371-KFUOG,No,0.0,0.0,0.7971346091674458,0.20286539083255412
2378-YIZKA,No,0.0,0.0,0.9217521951839142,0.0782478048160859
2380-DAMQP,No,0.0,0.0,0.9014089999491244,0.09859100005087561
2387-KDZQY,No,0.0,0.0,0.8860268107347081,0.11397318926529185
2393-DIVAI,No,0.0,0.0,0.8311751364859672,0.16882486351403286
2400-FEQME,No,0.0,0.0,0.9539535675015135,0.0460464324984865
2408-TZMJL,Yes,1.0,0.0,0.8133581858187322,0.18664181418126774
2424-WVHPL,No,0.0,1.0,0.4300945761571801,0.56990542384282
2430-RRYUW,No,0.0,0.0,0.8577459076218377,0.14225409237816228
2466-NEJOJ,No,0.0,0.0,0.8636552778261751,0.1363447221738249
2479-BRAMR,Yes,1.0,0.0,0.6759117569515419,0.324088243048458
2480-EJWYP,No,0.0,0.0,0.7431422227685702,0.25685777723142983
2482-CZGBB,Yes,1.0,1.0,0.43284087083347766,0.5671591291665223
2485-ITVKB,Yes,1.0,1.0,0.44008091607558203,0.559919083924418
2498-XLDZR,No,0.0,0.0,0.9329163351083323,0.0670836648916677
2499-AJYUA,No,0.0,0.0,0.9092417913680099,0.09075820863199012
2504-DSHIH,No,0.0,0.0,0.6038331803990636,0.39616681960093636
2509-TFPJU,No,0.0,0.0,0.9491424294539128,0.050857570546087236
2511-ALLCS,No,0.0,0.0,0.9577996756629122,0.042200324337087744
2511-MORQY,No,0.0,0.0,0.892216871806955,0.10778312819304509
2516-VQRRV,Yes,1.0,1.0,0.3620153494948044,0.6379846505051956
2516-XSJKX,No,0.0,0.0,0.9013202060864846,0.09867979391351543
2519-ERQOJ,No,0.0,0.0,0.7761635334517873,0.22383646654821263
2519-LBNQL,No,0.0,0.0,0.7376332632180027,0.2623667367819973
2519-TWKFS,No,0.0,0.0,0.8271697598577129,0.17283024014228712
2521-NPUZR,No,0.0,0.0,0.8958023564854745,0.10419764351452551
2525-GVKQU,No,0.0,0.0,0.9522788355314954,0.04772116446850468
2530-ENDWQ,Yes,1.0,0.0,0.8246368940140363,0.17536310598596364
2535-PBCGC,No,0.0,0.0,0.9257915171519797,0.07420848284802029
2538-OIMXF,No,0.0,1.0,0.4455529872293494,0.5544470127706506
2550-QHZGP,No,0.0,0.0,0.8860268107347081,0.11397318926529185
2560-WBWXF,No,0.0,0.0,0.9494352336357608,0.050564766364239275
2569-WGERO,No,0.0,0.0,0.9522788355314954,0.04772116446850468
2580-ASVVY,No,0.0,0.0,0.8530426610011425,0.14695733899885757
2589-AYCRP,No,0.0,0.0,0.8970533162448464,0.10294668375515363
2592-HODOV,No,0.0,0.0,0.8860268107347081,0.11397318926529185
2599-CIPQE,No,0.0,0.0,0.9010328257416812,0.09896717425831882
2599-CZABP,No,0.0,0.0,0.6971310538939542,0.30286894610604576
2603-HVKCG,No,0.0,0.0,0.6498408708001254,0.3501591291998745
2609-IAICY,Yes,1.0,1.0,0.3084666890826437,0.6915333109173563
2612-PHGOX,No,0.0,0.0,0.9241556875310852,0.07584431246891471
2612-RRIDN,Yes,1.0,1.0,0.3603450740021107,0.6396549259978893
2615-YVMYX,No,0.0,0.0,0.6557041052617488,0.3442958947382512
2636-SJDOU,No,0.0,0.0,0.8343226231672737,0.1656773768327264
2639-UGMAZ,No,0.0,0.0,0.846593775549411,0.153406224450589
2642-DTVCO,Yes,1.0,1.0,0.42219833645058963,0.5778016635494104
2654-VBVPB,No,0.0,0.0,0.8178509415597698,0.18214905844023027
2661-GKBTK,No,0.0,0.0,0.8800031363845646,0.11999686361543538
2662-NNTDK,No,0.0,0.0,0.8970533162448464,0.10294668375515363
2669-OIDSD,No,0.0,0.0,0.67030858802003,0.3296914119799699
2674-MIAHT,No,0.0,1.0,0.36937873804092963,0.6306212619590704
2675-IJRGJ,No,0.0,0.0,0.936091785171783,0.06390821482821692
2683-BPJSO,Yes,1.0,0.0,0.6768074560700352,0.32319254392996477
2692-AQCPF,No,0.0,0.0,0.8504013008631249,0.14959869913687504
2706-QZIHY,No,0.0,0.0,0.9381159239437745,0.06188407605622543
2717-HVIZY,No,0.0,0.0,0.8556053233946418,0.1443946766053583
2724-FJDYW,No,0.0,0.0,0.8743795405162285,0.1256204594837715
2731-GJRDG,No,0.0,0.0,0.7978809485867278,0.2021190514132723
2732-ISEZX,No,0.0,0.0,0.8512491524544594,0.14875084754554058
2739-CCZMB,No,0.0,0.0,0.8556053233946418,0.1443946766053583
2753-JMMCV,No,0.0,0.0,0.9272920936086678,0.07270790639133215
2758-RNWXS,No,0.0,0.0,0.8686225825576078,0.13137741744239217
2773-MADBQ,No,0.0,0.0,0.9358276708298867,0.06417232917011338
2774-LVQUS,Yes,1.0,0.0,0.5104940152640376,0.48950598473596235
2777-PHDEI,Yes,1.0,1.0,0.33353560465650384,0.6664643953434962
2782-LFZVW,No,0.0,0.0,0.66712487641565,0.33287512358435
2789-HQBOU,No,0.0,1.0,0.3603450740021107,0.6396549259978893
2812-ENYMO,No,0.0,0.0,0.8820209622647771,0.11797903773522292
2815-CPTUL,Yes,1.0,1.0,0.4102569273206516,0.5897430726793484
2826-UWHIS,No,0.0,0.0,0.6558977893401443,0.3441022106598557
2829-HYVZP,No,0.0,0.0,0.8970533162448464,0.10294668375515363
2830-LEWOA,No,0.0,0.0,0.8837907337383544,0.1162092662616456
2833-SLKDQ,Yes,1.0,1.0,0.4452387967609316,0.5547612032390685
2834-JKOOW,No,0.0,0.0,0.8451052199014166,0.1548947800985834
2845-HSJCY,Yes,1.0,0.0,0.5244893508016468,0.4755106491983533
2848-YXSMW,No,0.0,0.0,0.9538609192346748,0.04613908076532523
2858-EIMXH,No,0.0,0.0,0.7418572820374872,0.2581427179625128
2858-MOFSQ,Yes,1.0,0.0,0.8425500850363673,0.15744991496363264
2865-TCHJW,Yes,1.0,1.0,0.35568764115987117,0.6443123588401288
2867-UIMSS,Yes,1.0,1.0,0.33353560465650384,0.6664643953434962
2868-LLSKM,No,0.0,0.0,0.8582638164487223,0.14173618355127773
2877-VDUER,No,0.0,0.0,0.8671986113229627,0.13280138867703728
2878-DHMIN,No,0.0,0.0,0.9050589298476291,0.0949410701523708
2878-RMWXY,No,0.0,0.0,0.8809565941246118,0.1190434058753882
2884-GBPFB,Yes,1.0,0.0,0.6805639258409892,0.3194360741590107
2888-ADFAO,No,0.0,0.0,0.9577996756629122,0.042200324337087744
2898-LSJGD,Yes,1.0,0.0,0.8672653455735079,0.13273465442649215
2900-PHPLN,No,0.0,0.0,0.9462988275581782,0.05370117244182183
2903-YYTBW,No,0.0,1.0,0.4491158489621458,0.5508841510378543
2916-BQZLN,No,0.0,0.0,0.604700852208227,0.395299147791773
2924-KHUVI,No,0.0,0.0,0.7981267112249568,0.2018732887750432
2931-FSOHN,No,0.0,0.0,0.6482228715274851,0.35177712847251486
2933-XEUJM,No,0.0,0.0,0.9198289214869148,0.08017107851308525
2955-PSXOE,Yes,1.0,0.0,0.8178509415597698,0.18214905844023027
2957-JIRMN,No,0.0,0.0,0.7751532876120999,0.22484671238790008
2958-NHPPS,No,0.0,0.0,0.8629926184412332,0.13700738155876682
2961-VNFKL,No,0.0,0.0,0.9462988275581782,0.05370117244182183
2969-WGHQO,No,0.0,0.0,0.837998006963302,0.16200199303669813
2972-YDYUW,No,0.0,0.0,0.8372133467278223,0.16278665327217762
2982-IHMFT,Yes,1.0,1.0,0.31505124410872676,0.6849487558912732
2983-ZANRP,Yes,1.0,1.0,0.448175290423625,0.551824709576375
2984-AFWNC,No,0.0,1.0,0.3961341785193372,0.6038658214806627
2985-FMWYF,No,0.0,0.0,0.5988267197820552,0.4011732802179449
2985-JUUBZ,No,0.0,0.0,0.7160806961477919,0.2839193038522081
2988-PLAHS,No,0.0,0.0,0.6317402281348322,0.3682597718651678
2990-OGYTD,No,0.0,0.0,0.92699928942682,0.07300071057318011
2995-YWTCD,No,0.0,0.0,0.9577996756629122,0.042200324337087744
2996-XAUVF,No,0.0,0.0,0.8789193209420659,0.121080679057934
2999-AANRQ,No,0.0,0.0,0.9120548170217923,0.08794518297820778
3005-NFMTA,Yes,1.0,0.0,0.6269288360334714,0.37307116396652856
3006-XIMLN,Yes,1.0,1.0,0.3708456838459988,0.6291543161540012
3012-VFFMN,No,0.0,0.0,0.8669538468293281,0.13304615317067184
3023-GFLBR,Yes,1.0,0.0,0.67930264358982,0.32069735641018
3045-XETSH,Yes,1.0,1.0,0.37844784450355057,0.6215521554964494
3055-OYMSE,No,0.0,0.0,0.6077412186609,0.3922587813390999
3055-VTCGS,No,0.0,0.0,0.8740768272853314,0.12592317271466855
3063-QFSZL,Yes,1.0,1.0,0.4362524977316185,0.5637475022683814
3067-SVMTC,No,0.0,0.0,0.877818296413667,0.12218170358633286
3069-SSVSN,No,0.0,0.0,0.6465215873986208,0.3534784126013792
3071-VBYPO,No,0.0,0.0,0.5362422689128515,0.4637577310871484
3074-GQWYX,Yes,1.0,1.0,0.42714626891587554,0.5728537310841245
3078-ZKNTS,No,0.0,0.0,0.9424720948839569,0.05752790511604313
3082-VQXNH,No,0.0,0.0,0.50603877573671,0.4939612242632901
3094-JOJAI,No,0.0,0.0,0.6080431084513125,0.39195689154868757
3096-YXENJ,No,0.0,0.0,0.9090886306885334,0.0909113693114666
3128-YOVTD,No,0.0,0.0,0.687463443587059,0.3125365564129411
3129-AAQOU,No,0.0,0.0,0.9567971693972481,0.0432028306027519
3131-NWVFJ,No,0.0,0.0,0.9098859092179493,0.09011409078205077
3146-MSEGF,No,0.0,0.0,0.9245957970796487,0.07540420292035128
3154-CFSZG,No,0.0,0.0,0.6865064329545206,0.31349356704547926
3160-TYXLT,No,0.0,0.0,0.754564245881853,0.24543575411814697
3162-KKZXO,No,0.0,0.0,0.7570546648176221,0.24294533518237788
3164-YAXFY,No,0.0,0.0,0.7856869638849177,0.21431303611508243
3174-RKMOW,No,0.0,0.0,0.7662099662159345,0.23379003378406552
3177-LASXD,Yes,1.0,1.0,0.33353560465650384,0.6664643953434962
3181-MIZBN,No,0.0,0.0,0.8557224103775403,0.14427758962245976
3192-LNKRK,No,0.0,0.0,0.5995732673206018,0.4004267326793981
3196-NVXLZ,No,0.0,0.0,0.5571204341701272,0.4428795658298728
3200-MNQTF,No,0.0,0.0,0.9243707267236204,0.07562927327637951
3208-YPIOE,Yes,1.0,0.0,0.6673545125484128,0.33264548745158723
3211-AAPKX,No,0.0,0.0,0.6856206964656065,0.31437930353439353
3212-KXOCR,No,0.0,0.0,0.8943592943871596,0.10564070561284039
3214-IYUUQ,No,0.0,0.0,0.8571154357305838,0.1428845642694163
3221-CJMSG,No,0.0,0.0,0.7619324542642006,0.23806754573579944
3223-DWFIO,No,0.0,1.0,0.3833685892879514,0.6166314107120486
3223-WZWJM,Yes,1.0,0.0,0.5988267197820552,0.4011732802179449
3235-ETOOB,Yes,1.0,0.0,0.5780673597406286,0.4219326402593714
3247-ZVOUO,Yes,1.0,1.0,0.40608758452205396,0.5939124154779462
3251-YMVWZ,No,0.0,0.0,0.8419773769962453,0.15802262300375478
3255-GRXMG,No,0.0,0.0,0.7401117253427364,0.2598882746572635
3258-SANFR,No,0.0,0.0,0.6719957941875756,0.32800420581242434
3259-KNMRR,No,0.0,0.0,0.8214825554633942,0.1785174445366057
3278-FSIXX,No,0.0,1.0,0.44364377780837844,0.5563562221916215
3301-VKTGC,No,0.0,0.0,0.8557229162918081,0.14427708370819198
3313-QKNKB,Yes,1.0,0.0,0.8143669557834169,0.1856330442165831
3315-TOTBP,Yes,1.0,1.0,0.462759253886316,0.537240746113684
3317-HRTNN,Yes,1.0,0.0,0.5931185520890079,0.4068814479109922
3317-VLGQT,No,0.0,1.0,0.47626144765493866,0.5237385523450614
3318-NMQXL,No,0.0,1.0,0.3603450740021107,0.6396549259978893
3345-PBBFH,No,0.0,0.0,0.6468049769186914,0.35319502308130857
3349-ANQNH,No,0.0,0.0,0.7346963604017549,0.26530363959824504
3351-NQLDI,Yes,1.0,0.0,0.879389478205677,0.120610521794323
3370-GQEAL,No,0.0,0.0,0.6465452616001016,0.3534547383998984
3370-HXOPH,No,0.0,1.0,0.40025793088317535,0.5997420691168247
3378-AJRAO,No,0.0,0.0,0.9083574988507822,0.09164250114921776
3384-CTMSF,No,0.0,0.0,0.5994749982628031,0.4005250017371969
3389-YGYAI,Yes,1.0,1.0,0.39120923349367853,0.6087907665063216
3398-FSHON,Yes,1.0,1.0,0.41775311200149806,0.582246887998502
3398-GCPMU,No,0.0,0.0,0.9245957970796487,0.07540420292035128
3404-JNXAX,No,0.0,0.0,0.6961471821105948,0.30385281788940516
3407-QGWLG,No,0.0,0.0,0.8520729677149397,0.14792703228506032
3411-WLRSQ,No,0.0,1.0,0.3472498865003134,0.6527501134996867
3419-SNJJD,Yes,1.0,0.0,0.6618582029204361,0.3381417970795638
3420-YJLQT,No,0.0,1.0,0.37781098374632827,0.6221890162536716
3422-WJOYD,No,0.0,0.0,0.8750488182476038,0.12495118175239621
3450-WXOAT,No,0.0,0.0,0.7352536433696933,0.2647463566303066
3452-FLHYD,No,0.0,0.0,0.8504537990291658,0.1495462009708342
3454-JFUBC,No,0.0,0.0,0.9494352336357608,0.050564766364239275
3457-PQBYH,No,0.0,0.0,0.9506549984983604,0.04934500150163954
3460-TJBWI,No,0.0,0.0,0.9572236369986353,0.0427763630013647
3462-BJQQA,No,0.0,1.0,0.4232386949429563,0.5767613050570437
3466-WAESX,No,0.0,0.0,0.7115018319566011,0.2884981680433989
3494-JCHRQ,Yes,1.0,1.0,0.3084666890826437,0.6915333109173563
3500-NSDOA,No,0.0,0.0,0.9017375935605599,0.09826240643943998
3506-LCJDC,Yes,1.0,0.0,0.818310747013189,0.18168925298681105
3508-CFVZL,No,0.0,0.0,0.9008077553856529,0.09919224461434702
3511-BFTJW,No,0.0,0.0,0.9233080142994059,0.07669198570059409
3519-ZKXGG,Yes,1.0,1.0,0.3972278858630372,0.6027721141369629
3525-DVKFN,No,0.0,0.0,0.8943223986285102,0.10567760137148986
3537-HPKQT,No,0.0,0.0,0.6362595453184376,0.36374045468156246
3544-FBCAS,No,0.0,0.0,0.9149874762707223,0.08501252372927767
3551-GAEGL,No,0.0,0.0,0.9085939782248008,0.0914060217751992
3566-VVORZ,No,0.0,0.0,0.67833684964568,0.3216631503543201
3567-PQTSO,No,0.0,0.0,0.7256703538663588,0.27432964613364125
3569-VLDHH,No,0.0,0.0,0.8801522243832658,0.1198477756167342
3577-AMVUX,No,0.0,0.0,0.6648553865940873,0.3351446134059127
3580-GICBM,No,0.0,0.0,0.9539535675015135,0.0460464324984865
3583-EKAPL,Yes,1.0,1.0,0.4362524977316185,0.5637475022683814
3583-KRKMD,No,0.0,0.0,0.5523082778028957,0.44769172219710435
3587-PMCOY,No,0.0,0.0,0.6431243698825704,0.35687563011742973
3588-WSTTJ,No,0.0,0.0,0.6440333675875444,0.35596663241245563
3590-TCXTB,No,0.0,0.0,0.8174963316306917,0.1825036683693083
3606-TWKGI,Yes,1.0,1.0,0.48058498382466436,0.5194150161753357
3612-YUNGG,No,0.0,0.0,0.9093137010445617,0.09068629895543838
3620-MWJNE,No,0.0,0.0,0.6715772737825852,0.3284227262174148
3638-DIMPH,No,0.0,0.0,0.6709650139484199,0.3290349860515801
3646-ITDGM,No,0.0,0.0,0.9522788355314954,0.04772116446850468
3648-GZPHF,No,0.0,0.0,0.8541126679339909,0.14588733206600915
3649-JPUGY,No,0.0,0.0,0.9301356955044024,0.06986430449559755
3654-ARMGP,No,0.0,0.0,0.9272920936086678,0.07270790639133215
3655-SNQYZ,No,0.0,0.0,0.9010328257416812,0.09896717425831882
3665-JATSN,No,0.0,0.0,0.7067290454617632,0.29327095453823676
3694-GLTJM,No,0.0,0.0,0.8512491524544594,0.14875084754554058
3707-GNWHM,Yes,1.0,1.0,0.3084666890826437,0.6915333109173563
3709-OIJEA,No,0.0,0.0,0.8133238118025944,0.1866761881974055
3712-PKXZA,No,0.0,0.0,0.9051032706763797,0.09489672932362025
3714-NTNFO,No,0.0,0.0,0.5988267197820552,0.4011732802179449
3714-XPXBW,No,0.0,0.0,0.8223736266423352,0.1776263733576649
3719-TDVQB,No,0.0,0.0,0.8828380816278258,0.1171619183721742
3721-WKIIL,No,0.0,0.0,0.9522788355314954,0.04772116446850468
3722-WPXTK,Yes,1.0,1.0,0.3084666890826437,0.6915333109173563
3724-UCSHY,No,0.0,0.0,0.8751082509377005,0.12489174906229948
3727-OVPRY,No,0.0,0.0,0.9127580106197151,0.08724198938028492
3733-ZEECP,No,0.0,0.0,0.7736092667065745,0.22639073329342554
3745-HRPHI,No,0.0,0.0,0.8964438087617408,0.10355619123825921
3746-EUBYR,Yes,1.0,1.0,0.3084666890826437,0.6915333109173563
3748-FVMZZ,No,0.0,0.0,0.6249240072329688,0.3750759927670312
3761-FLYZI,No,0.0,0.0,0.6155709954666984,0.38442900453330164
3771-PZOBW,No,0.0,0.0,0.5815881259928726,0.4184118740071275
3798-EPWRR,No,0.0,1.0,0.45182335178701466,0.5481766482129854
3804-RVTGV,Yes,1.0,0.0,0.6755457608402792,0.3244542391597208
3806-DXQOM,Yes,1.0,0.0,0.6024852476540902,0.3975147523459099
3836-FZSDJ,No,0.0,0.0,0.9462988275581782,0.05370117244182183
3842-IYKUE,Yes,1.0,0.0,0.7674530831096714,0.2325469168903286
3847-BAERP,No,0.0,0.0,0.8512491524544594,0.14875084754554058
3850-OKINF,No,0.0,0.0,0.903886209254447,0.096113790745553
3855-ONCAR,No,0.0,1.0,0.3891688786190077,0.6108311213809923
3859-CVCET,Yes,1.0,0.0,0.517166715852242,0.482833284147758
3863-IUBJR,Yes,1.0,0.0,0.8163459003946933,0.18365409960530657
3865-ZYKAD,No,0.0,0.0,0.6681982822221596,0.3318017177778404
3884-HCSWG,Yes,1.0,1.0,0.462759253886316,0.537240746113684
3886-CERTZ,Yes,1.0,0.0,0.8089220797036724,0.1910779202963276
3889-VWBID,No,0.0,0.0,0.913643446812902,0.08635655318709802
3896-ZVNET,No,0.0,0.0,0.9572236369986353,0.0427763630013647
3898-BSJYF,No,0.0,0.0,0.8488580565235037,0.15114194347649634
3914-FDRHP,No,0.0,0.0,0.5427052520037589,0.4572947479962411
3916-NRPAP,No,0.0,1.0,0.3944538931580421,0.605546106841958
3926-CUQZX,Yes,1.0,1.0,0.42016988118707144,0.5798301188129286
3930-ZGWVE,No,0.0,0.0,0.8174963316306917,0.1825036683693083
3932-CMDTD,Yes,1.0,0.0,0.664116578510371,0.33588342148962896
3956-CJUST,No,0.0,0.0,0.683059136964318,0.3169408630356821
3956-MGXOG,No,0.0,0.0,0.5393587401970668,0.4606412598029333
3976-NLDEZ,No,0.0,0.0,0.8174963316306917,0.1825036683693083
3978-YNKDD,No,0.0,0.0,0.9599335754748306,0.04006642452516935
3982-JGSFD,No,0.0,0.0,0.8970533162448464,0.10294668375515363
3985-HOYPM,No,0.0,0.0,0.8970533162448464,0.10294668375515363
4000-VGMQP,No,0.0,0.0,0.8770175502430001,0.12298244975699987
4011-ARPHK,No,0.0,0.0,0.7818478871660469,0.21815211283395308
4024-CSNBY,No,0.0,0.0,0.9097060676708266,0.0902939323291734
4026-SKKHW,No,0.0,0.0,0.628551758381474,0.37144824161852597
4032-RMHCI,No,0.0,0.0,0.9102041169830625,0.08979588301693747
4039-HEUNW,Yes,1.0,0.0,0.5921269835244408,0.4078730164755591
4049-ZPALD,No,0.0,0.0,0.8646172154332821,0.1353827845667179
4060-LDNLU,No,0.0,1.0,0.43651756693906135,0.5634824330609387
4072-IPYLT,No,0.0,0.0,0.7899788629645569,0.21002113703544315
4079-VTGLK,No,0.0,0.0,0.8450565073801852,0.15494349261981472
4083-BFNYK,No,0.0,0.0,0.816652949838209,0.183347050161791
4086-WITJG,No,0.0,0.0,0.9506549984983604,0.04934500150163954
4086-YQSNZ,Yes,1.0,1.0,0.34560108869066425,0.6543989113093358
4102-OQUPX,Yes,1.0,1.0,0.31505124410872676,0.6849487558912732
4112-LUEIZ,Yes,1.0,1.0,0.3959580589725512,0.6040419410274488
4115-NZRKS,No,0.0,1.0,0.4087194479626791,0.5912805520373209
4121-AGSIN,No,0.0,0.0,0.9127580106197151,0.08724198938028492
4129-LYCOI,No,0.0,0.0,0.876624305966398,0.12337569403360213
4139-JPIAM,No,0.0,0.0,0.7864987679719524,0.21350123202804763
4140-MUHUG,Yes,1.0,1.0,0.35568764115987117,0.6443123588401288
4140-WJAWW,Yes,1.0,0.0,0.8512491524544594,0.14875084754554058
4163-KIUHY,No,0.0,0.0,0.8688273725750861,0.1311726274249139
4178-EGMON,No,0.0,0.0,0.8849086220494234,0.11509137795057658
4190-MFLUW,Yes,1.0,0.0,0.7600806775309522,0.2399193224690478
4191-XOVOM,No,0.0,0.0,0.7462053938579618,0.2537946061420382
4193-IBKSW,No,0.0,0.0,0.9577996756629122,0.042200324337087744
4195-SMMNX,Yes,1.0,0.0,0.8477167967747574,0.1522832032252426
4199-QHJNM,No,0.0,0.0,0.873871394635228,0.1261286053647719
4211-MMAZN,Yes,1.0,0.0,0.8174963316306917,0.1825036683693083
4223-BKEOR,No,0.0,0.0,0.9021541625515291,0.09784583744847085
4223-WOZCM,No,0.0,0.0,0.5720239916823066,0.4279760083176934
4229-CZMLL,Yes,1.0,1.0,0.4535168100853192,0.5464831899146809
4236-XPXAV,Yes,1.0,0.0,0.5184453323678938,0.4815546676321061
4238-HFHSN,No,0.0,0.0,0.5921269835244408,0.4078730164755591
4250-FDVOU,Yes,1.0,0.0,0.7949857467663529,0.20501425323364708
4250-ZBWLV,Yes,1.0,0.0,0.8162707392115826,0.18372926078841748
4274-DRSQT,No,0.0,0.0,0.7629241265901264,0.23707587340987357
4280-DLSHD,No,0.0,0.0,0.714466451889302,0.28553354811069803
4282-ACRXS,No,0.0,0.0,0.6483430701394648,0.35165692986053515
4282-YMKNA,Yes,1.0,1.0,0.49486559335461866,0.5051344066453815
4283-IVYCI,No,0.0,0.0,0.7706323820939457,0.22936761790605423
4293-ETKAP,No,0.0,0.0,0.8771595344888301,0.12284046551116996
4304-TSPVK,No,0.0,0.0,0.8880639477991985,0.11193605220080151
4304-XUMGI,No,0.0,0.0,0.9320879655905899,0.06791203440941
4311-QTTAI,No,0.0,0.0,0.8860268107347081,0.11397318926529185
4312-GVYNH,No,0.0,0.0,0.9299941830030896,0.07000581699691037
4317-VTEOA,Yes,1.0,1.0,0.4686465954967453,0.5313534045032547
4325-NFSKC,Yes,1.0,0.0,0.5798891262218978,0.42011087377810213
4328-VUFWD,No,0.0,0.0,0.8437707021333896,0.15622929786661047
4332-MUOEZ,No,0.0,0.0,0.8269090411074327,0.17309095889256737
4334-HOWRP,No,0.0,0.0,0.9243707267236204,0.07562927327637951
4335-UPJSI,No,0.0,0.0,0.9097692238396381,0.09023077616036189
4342-HFXWS,No,0.0,0.0,0.9004167401238695,0.09958325987613054
4349-GFQHK,Yes,1.0,1.0,0.46819868956029115,0.5318013104397089
4359-INNWN,No,0.0,0.0,0.8860268107347081,0.11397318926529185
4365-MSDYN,No,0.0,0.0,0.8431120565262806,0.1568879434737194
4369-NYSCF,No,0.0,0.0,0.8498994616608917,0.15010053833910827
4373-VVHQL,No,0.0,1.0,0.42016988118707144,0.5798301188129286
4374-YMUSQ,No,0.0,0.0,0.8194606568894247,0.18053934311057526
4393-OBCRR,No,0.0,0.0,0.8694851504459179,0.13051484955408207
4398-HSCJH,Yes,1.0,0.0,0.628551758381474,0.37144824161852597
4403-BWPAY,No,0.0,0.0,0.8974797838462335,0.10252021615376644
4415-WNGVR,No,0.0,0.0,0.8353000149635291,0.16469998503647088
4423-JWZJN,No,0.0,0.0,0.8288237098624257,0.1711762901375742
4425-OWHWB,No,0.0,0.0,0.8970533162448464,0.10294668375515363
4429-WYGFR,No,0.0,0.0,0.7671638091245655,0.2328361908754344
4431-EDMIQ,No,0.0,0.0,0.7660459069857009,0.23395409301429912
4432-ADRLB,Yes,1.0,1.0,0.4687126933822386,0.5312873066177615
4441-NIHPT,Yes,1.0,1.0,0.4514323732515752,0.5485676267484247
4445-KWOKW,No,0.0,0.0,0.8701951652042839,0.12980483479571614
4452-ROHMO,No,0.0,0.0,0.8939600797879305,0.10603992021206958
4459-BBGHE,No,0.0,0.0,0.7606799899818247,0.2393200100181753
4480-MBMLB,No,0.0,0.0,0.7623353596322519,0.23766464036774806
4484-CGXFK,Yes,1.0,0.0,0.5302192873766509,0.4697807126233491
4484-GLZOU,Yes,1.0,0.0,0.6498408708001254,0.3501591291998745
4486-EFAEB,No,0.0,0.0,0.8468486406855266,0.15315135931447338
4487-ZYJZK,No,0.0,0.0,0.909459441616562,0.09054055838343798
4488-KQFDT,No,0.0,0.0,0.7854134122274615,0.2145865877725385
4489-SNOJF,Yes,1.0,0.0,0.8348824952276427,0.1651175047723574
4501-EQDRN,Yes,1.0,1.0,0.33353560465650384,0.6664643953434962
4522-XRWWI,No,0.0,0.0,0.8750488182476038,0.12495118175239621
4525-VZCZG,No,0.0,0.0,0.8564569936816394,0.14354300631836056
4541-RMRLG,Yes,1.0,0.0,0.8468486406855266,0.15315135931447338
4547-FZJWE,No,0.0,0.0,0.9080888751055569,0.09191112489444309
4553-DVPZG,No,0.0,0.0,0.6197920606144282,0.38020793938557185
4559-UWIHT,No,0.0,1.0,0.4659596180413817,0.5340403819586182
4566-GOLUK,Yes,1.0,0.0,0.6013681280461668,0.39863187195383326
4566-NECEV,No,0.0,1.0,0.4650201637159085,0.5349798362840915
4567-AKPIA,No,0.0,0.0,0.7592059964188012,0.2407940035811988
4578-PHJYZ,No,0.0,0.0,0.8432256288934833,0.15677437110651674
4581-LNWUM,No,0.0,0.0,0.6575831786674144,0.3424168213325855
4597-NUCQV,Yes,1.0,0.0,0.5326590039394524,0.4673409960605476
4598-XLKNJ,Yes,1.0,0.0,0.5365198132177527,0.46348018678224734
4607-CHPCA,Yes,1.0,0.0,0.8082237805089817,0.19177621949101825
4608-LCIMN,No,0.0,0.0,0.6289374624408496,0.3710625375591504
4609-KNNWG,No,0.0,0.0,0.9534986003940951,0.04650139960590494
4611-ANLQC,No,0.0,0.0,0.8668668854093988,0.13313311459060115
4612-SSVHJ,No,0.0,0.0,0.5274276410289225,0.47257235897107747
4614-NUVZD,Yes,1.0,1.0,0.3084666890826437,0.6915333109173563
4616-ULAOA,No,0.0,0.0,0.8988848511420274,0.10111514885797249
4619-EVPHY,No,0.0,0.0,0.7682125711957257,0.2317874288042742
4623-ZKHLY,No,0.0,0.0,0.8707520799975182,0.12924792000248178
4625-XMOYM,No,0.0,0.0,0.9577996756629122,0.042200324337087744
4626-OZDTJ,No,0.0,0.0,0.8498994616608917,0.15010053833910827
4627-MIHJH,No,0.0,0.0,0.9008077553856529,0.09919224461434702
4628-CTTLA,Yes,1.0,0.0,0.7289379308162148,0.27106206918378506
4631-OACRM,Yes,1.0,1.0,0.4087194479626791,0.5912805520373209
4635-EJYPD,No,0.0,0.0,0.9538609192346748,0.04613908076532523
4636-OLWOE,No,0.0,0.0,0.8351756744619498,0.16482432553805013
4640-UHDOS,Yes,1.0,0.0,0.7362378806031172,0.26376211939688265
4647-MUZON,No,0.0,0.0,0.5305941168822186,0.4694058831177814
4656-CAURT,No,0.0,0.0,0.9494352336357608,0.050564766364239275
4658-HCOHW,Yes,1.0,0.0,0.665575199605338,0.334424800394662
4659-NZRUF,Yes,1.0,0.0,0.6317792451378388,0.3682207548621612
4661-NJEUX,No,0.0,0.0,0.8174963316306917,0.1825036683693083
4667-QONEA,No,0.0,0.0,0.8926863080067007,0.10731369199329928
4670-TABXH,No,0.0,0.0,0.9092417913680099,0.09075820863199012
4673-KKSLS,No,0.0,0.0,0.7094029234899184,0.29059707651008165
4686-GEFRM,No,0.0,0.0,0.9151433410779723,0.0848566589220276
4690-PKDQG,No,0.0,0.0,0.5365198132177527,0.46348018678224734
4695-VADHF,Yes,1.0,0.0,0.7637627955979479,0.2362372044020521
4698-KVLLG,No,0.0,0.0,0.9522788355314954,0.04772116446850468
4701-AHWMW,Yes,1.0,0.0,0.807432914659129,0.19256708534087094
4703-MQYKT,No,0.0,0.0,0.9522788355314954,0.04772116446850468
4707-MAXGU,No,0.0,0.0,0.9491424294539128,0.050857570546087236
4707-YNOQA,No,0.0,0.0,0.9127580106197151,0.08724198938028492
4709-LKHYG,No,0.0,0.0,0.9050589298476291,0.0949410701523708
4710-NKCAW,No,0.0,0.0,0.7885084780963374,0.21149152190366263
4712-UYOOI,No,0.0,0.0,0.8702812715673806,0.12971872843261953
4718-DHSMV,No,0.0,0.0,0.6279490297124132,0.3720509702875869
4723-BEGSG,No,0.0,0.0,0.9243707267236204,0.07562927327637951
4726-DLWQN,No,0.0,0.0,0.7681665666122699,0.23183343338773013
4735-BJKOU,No,0.0,0.0,0.8980144412808954,0.10198555871910465
4742-TXUEX,No,0.0,0.0,0.9538609192346748,0.04613908076532523
4745-LSPLO,Yes,1.0,0.0,0.8174963316306917,0.1825036683693083
4747-LCAQL,No,0.0,0.0,0.7886316142456437,0.21136838575435635
4749-VFKVB,Yes,1.0,1.0,0.4362524977316185,0.5637475022683814
4782-OSFXZ,No,0.0,0.0,0.9215271248278859,0.07847287517211411
4785-FCIFB,No,0.0,0.0,0.9462988275581782,0.05370117244182183
4797-MIWUM,No,0.0,0.0,0.8636552778261751,0.1363447221738249
4800-CZMPC,Yes,1.0,0.0,0.8390140864188448,0.16098591358115516
4800-VHZKI,Yes,1.0,0.0,0.8174963316306917,0.1825036683693083
4803-AXVYP,Yes,1.0,0.0,0.5900097948827072,0.4099902051172927
4806-HIPDW,Yes,1.0,1.0,0.3084666890826437,0.6915333109173563
4813-HQMGZ,No,0.0,0.0,0.523817440958969,0.4761825590410309
4815-TUMEQ,No,0.0,0.0,0.8860268107347081,0.11397318926529185
4816-LXZYW,Yes,1.0,0.0,0.5963533027740548,0.40364669722594526
4821-SJHJV,No,0.0,0.0,0.6833176574147333,0.31668234258526673
4826-TZEVA,No,0.0,0.0,0.6398841820920182,0.3601158179079818
4831-EOBFE,Yes,1.0,0.0,0.6734997965533077,0.32650020344669234
4844-JJWUY,Yes,1.0,1.0,0.33259588217576114,0.6674041178242388
4846-WHAFZ,Yes,1.0,0.0,0.597790603300966,0.4022093966990341
4847-QNOKA,Yes,1.0,1.0,0.42016988118707144,0.5798301188129286
4855-SNKMY,Yes,1.0,1.0,0.42016988118707144,0.5798301188129286
4873-ILOLJ,Yes,1.0,0.0,0.5393587401970668,0.4606412598029333
4878-BUNFV,No,0.0,0.0,0.9498250253800748,0.05017497461992516
4879-GZLFH,No,0.0,0.0,0.5607219202672113,0.43927807973278854
4881-GQJTW,No,0.0,0.0,0.8627021255659849,0.13729787443401517
4883-KCPZJ,No,0.0,0.0,0.8905569703319686,0.10944302966803136
4884-TVUQF,No,0.0,0.0,0.908546164071929,0.09145383592807103
4895-TMWIR,Yes,1.0,0.0,0.8592991068859929,0.1407008931140072
4896-CPRPF,No,0.0,0.0,0.9577996756629122,0.042200324337087744
4897-QSUYC,Yes,1.0,0.0,0.8174963316306917,0.1825036683693083
4911-BANWH,Yes,1.0,0.0,0.6012691463321592,0.3987308536678407
4912-PIGUY,No,0.0,1.0,0.3084666890826437,0.6915333109173563
4918-QLLIW,Yes,1.0,0.0,0.5559675012093784,0.4440324987906215
4922-CVPDX,No,0.0,0.0,0.9088512676736664,0.09114873232633358
4923-ADWXJ,No,0.0,0.0,0.7556167417107221,0.24438325828927787
4929-XIHVW,No,0.0,1.0,0.37784975095110435,0.6221502490488956
4939-KYYPY,No,0.0,0.0,0.8090208308818899,0.19097916911811014
4948-WBBKL,No,0.0,0.0,0.6527422003426648,0.34725779965733516
4950-BDEUX,No,0.0,0.0,0.7505737324891865,0.2494262675108135
4955-VCWBI,No,0.0,0.0,0.909459441616562,0.09054055838343798
4958-GZWIY,Yes,1.0,0.0,0.6758465624415462,0.3241534375584539
4973-MGTON,No,0.0,0.0,0.9215271248278859,0.07847287517211411
4979-HPRFL,No,0.0,0.0,0.9577996756629122,0.042200324337087744
4990-ALDGW,No,0.0,0.0,0.9494352336357608,0.050564766364239275
4992-LTJNE,No,0.0,0.0,0.9206643929833693,0.07933560701663064
4998-IKFSE,No,0.0,0.0,0.6563522732858783,0.3436477267141217
5010-IPEAQ,No,0.0,0.0,0.9330628552548524,0.06693714474514754
5012-YSPJJ,No,0.0,0.0,0.7704401372461284,0.2295598627538716
5014-GSOUQ,No,0.0,0.0,0.9412523300213571,0.05874766997864288
5018-HEKFO,No,0.0,0.0,0.8512491524544594,0.14875084754554058
5022-KVDQT,No,0.0,0.0,0.5798038666994813,0.42019613330051886
5032-MIYKT,No,0.0,1.0,0.3084666890826437,0.6915333109173563
5035-BVCXS,No,0.0,1.0,0.4648601833467071,0.5351398166532929
5044-XDPYX,No,0.0,0.0,0.9491424294539128,0.050857570546087236
5046-NUHWD,No,0.0,0.0,0.7369613627093949,0.263038637290605
5054-IEXZT,Yes,1.0,1.0,0.40266252324859597,0.597337476751404
5055-MGMGF,No,0.0,0.0,0.7023425864481849,0.2976574135518151
5057-LCOUI,Yes,1.0,0.0,0.7230817037843391,0.276918296215661
5063-IUOKK,No,0.0,0.0,0.9412523300213571,0.05874766997864288
5067-XJQFU,No,0.0,0.0,0.7397929565184758,0.2602070434815243
5074-FBGHB,No,0.0,0.0,0.8161492193242218,0.18385078067577829
5076-YVXCM,No,0.0,0.0,0.6250820798321862,0.37491792016781383
5077-DXTCG,Yes,1.0,1.0,0.42016988118707144,0.5798301188129286
5081-NWSUP,No,0.0,0.0,0.7998928125394124,0.2001071874605876
5088-QZLRL,No,0.0,0.0,0.8130958198617589,0.18690418013824112
5092-STPKP,No,0.0,0.0,0.7937099990353188,0.20629000096468122
5095-AESKG,Yes,1.0,1.0,0.36937873804092963,0.6306212619590704
5095-ETBRJ,No,0.0,0.0,0.867691068605911,0.1323089313940889
5117-IFGPS,No,0.0,0.0,0.5724558519611189,0.4275441480388811
5125-CNDSP,No,0.0,0.0,0.8887802254867985,0.11121977451320146
5126-RCXYW,No,0.0,0.0,0.9348699982264806,0.06513000177351938
5130-YPIRV,No,0.0,0.0,0.9124898495582222,0.0875101504417777
5133-VRSAB,No,0.0,0.0,0.7139755537054725,0.28602444629452745
5143-EGQFK,Yes,1.0,0.0,0.6677934465745686,0.3322065534254313
5143-WMWOG,Yes,1.0,0.0,0.8130958198617589,0.18690418013824112
5149-QYTTU,No,0.0,0.0,0.8651109747317407,0.13488902526825922
5150-ITWWB,No,0.0,1.0,0.3639242834636731,0.6360757165363269
5153-RTHKF,No,0.0,0.0,0.6073203858591257,0.3926796141408743
5154-VEKBL,Yes,1.0,0.0,0.8136350559078976,0.18636494409210236
5167-GBFRE,Yes,1.0,1.0,0.37949004107857676,0.6205099589214231
5168-MQQCA,No,0.0,0.0,0.8504013008631249,0.14959869913687504
5168-MSWXT,No,0.0,1.0,0.3811889525858897,0.6188110474141103
5172-MIGPM,No,0.0,0.0,0.6524398153187102,0.3475601846812897
5173-WXOQV,No,0.0,0.0,0.6360206213142453,0.3639793786857547
5174-RNGBH,Yes,1.0,0.0,0.7473135743165846,0.25268642568341537
5175-WLYXL,No,0.0,1.0,0.4864925629729724,0.5135074370270276
5176-LDKUH,No,0.0,0.0,0.7949455541837975,0.20505444581620252
5177-RVZNU,No,0.0,0.0,0.9014094871850286,0.09859051281497136
5180-UCIIQ,Yes,1.0,0.0,0.7288002100682897,0.2711997899317104
5186-EJEGL,No,0.0,0.0,0.7811528322492034,0.21884716775079666
5193-QLVZB,No,0.0,0.0,0.869621068190662,0.13037893180933804
5197-LQXXH,No,0.0,0.0,0.9241556875310852,0.07584431246891471
5197-PYEPU,No,0.0,0.0,0.8213258693735727,0.17867413062642737
5207-PLSTK,No,0.0,1.0,0.47489310978537086,0.5251068902146291
5213-TWWJU,No,0.0,0.0,0.5780283936019207,0.4219716063980793
5219-YIPTK,Yes,1.0,0.0,0.6669454023541984,0.33305459764580153
5222-JCXZT,No,0.0,0.0,0.8311751364859672,0.16882486351403286
5223-UZAVK,No,0.0,0.0,0.8370351948939299,0.16296480510607017
5229-DTFYB,No,0.0,0.0,0.8801107630169098,0.11988923698309017
5229-PRWKT,Yes,1.0,1.0,0.4051402385011167,0.5948597614988833
5236-XMZJY,No,0.0,0.0,0.8096551546724832,0.1903448453275168
5240-CAOYT,No,0.0,0.0,0.770796005736117,0.22920399426388305
5249-QYHEX,No,0.0,0.0,0.9498250253800748,0.05017497461992516
5275-PMFUT,No,0.0,0.0,0.9245957970796487,0.07540420292035128
5293-WXJAK,Yes,1.0,0.0,0.5533701676455515,0.4466298323544485
5294-CDGWY,Yes,1.0,0.0,0.8941422670935688,0.10585773290643123
5294-DMSFH,No,0.0,0.0,0.6420147603672469,0.357985239632753
5294-IMHHT,No,0.0,0.0,0.7929038516229769,0.2070961483770231
5297-MDOIR,No,0.0,0.0,0.8570158628774066,0.14298413712259345
5299-RULOA,Yes,1.0,1.0,0.46679774622078885,0.5332022537792113
5307-DZCVC,Yes,1.0,0.0,0.5902175459341794,0.4097824540658206
5307-UVGNB,No,0.0,0.0,0.7972380487774551,0.20276195122254495
5311-IHLEI,No,0.0,0.0,0.7549165297797676,0.24508347022023233
5312-UXESG,No,0.0,0.0,0.6306990138832206,0.3693009861167794
5320-BRKGK,No,0.0,0.0,0.9295443537740667,0.07045564622593324
5336-UFNZP,No,0.0,0.0,0.7758062435898881,0.22419375641011186
5337-IIWKZ,No,0.0,0.0,0.7362684840908987,0.26373151590910116
5339-PXDVH,No,0.0,1.0,0.4960405090597827,0.5039594909402173
5345-BMKWB,No,0.0,0.0,0.8427574465972026,0.1572425534027974
5357-TZHPP,Yes,1.0,1.0,0.42219833645058963,0.5778016635494104
5360-LJCNJ,No,0.0,0.0,0.8563486163923932,0.14365138360760674
5371-VYLSX,No,0.0,0.0,0.650436588249099,0.34956341175090094
5372-FBKBN,No,0.0,0.0,0.8699303979079329,0.13006960209206703
5375-XLDOF,No,0.0,0.0,0.9010328257416812,0.09896717425831882
5380-AFSSK,Yes,1.0,1.0,0.4051402385011167,0.5948597614988833
5380-XPJNZ,No,0.0,0.0,0.8970533162448464,0.10294668375515363
5392-AKEMH,No,0.0,0.0,0.6469595212077351,0.35304047879226486
5397-TUPSH,No,0.0,0.0,0.790357119767048,0.20964288023295197
5399-ZIMKF,No,0.0,1.0,0.4370714209169773,0.5629285790830227
5402-HTOTQ,No,0.0,0.0,0.6956686924503321,0.3043313075496678
5405-ZMYXQ,No,0.0,1.0,0.462759253886316,0.537240746113684
5419-KLXBN,Yes,1.0,0.0,0.6304874731418305,0.36951252685816954
5423-BHIXO,No,0.0,0.0,0.7289379308162148,0.27106206918378506
5433-KYGHE,No,0.0,0.0,0.5688494106044211,0.43115058939557904
5440-FLBQG,Yes,1.0,0.0,0.8986597807859993,0.1013402192140007
5442-PPTJY,No,0.0,0.0,0.9424720948839569,0.05752790511604313
5442-UTCVD,Yes,1.0,1.0,0.3390943117219755,0.6609056882780245
5445-UTODQ,Yes,1.0,1.0,0.4051402385011167,0.5948597614988833
5451-YHYPW,No,0.0,0.0,0.9113897659676636,0.08861023403233645
5472-CVMDX,No,0.0,0.0,0.932984068934152,0.06701593106584797
5473-KHBPS,No,0.0,0.0,0.8529582712805311,0.1470417287194689
5482-NUPNA,Yes,1.0,0.0,0.6947573002407362,0.3052426997592637
5493-SDRDQ,Yes,1.0,0.0,0.6955936265307847,0.30440637346921523
5505-OVWQW,No,0.0,0.0,0.8860268107347081,0.11397318926529185
5512-IDZEI,No,0.0,0.0,0.9083574988507822,0.09164250114921776
5515-AKOAJ,Yes,1.0,0.0,0.7318434113052922,0.2681565886947079
5543-QDCRY,No,0.0,0.0,0.5485424821496598,0.45145751785034016
5561-NWEVX,Yes,1.0,1.0,0.3400809285909453,0.6599190714090547
5567-GZKQY,No,0.0,0.0,0.9494352336357608,0.050564766364239275
5570-PTWEH,Yes,1.0,1.0,0.37890469109002833,0.6210953089099717
5574-NXZIU,No,0.0,0.0,0.9113897659676636,0.08861023403233645
5577-OTWWW,Yes,1.0,0.0,0.8477167967747574,0.1522832032252426
5583-EJXRD,No,0.0,0.0,0.9329163351083323,0.0670836648916677
5593-SUAOO,No,0.0,0.0,0.8498749866619735,0.1501250133380265
5602-BVFMK,No,0.0,0.0,0.8860268107347081,0.11397318926529185
5605-XNWEN,No,0.0,0.0,0.9491424294539128,0.050857570546087236
5619-PTMIK,No,0.0,0.0,0.7869653594116153,0.2130346405883847
5624-BQSSA,Yes,1.0,0.0,0.8174963316306917,0.1825036683693083
5627-TVBPP,No,0.0,0.0,0.9014094871850286,0.09859051281497136
5640-CAXOA,No,0.0,0.0,0.8498994616608917,0.15010053833910827
5644-PDMZC,Yes,1.0,1.0,0.38139019320789075,0.6186098067921093
5647-FXOTP,No,0.0,0.0,0.6405745345332622,0.35942546546673776
5649-TJHOV,Yes,1.0,0.0,0.7540628762368254,0.24593712376317445
5649-VUKMC,Yes,1.0,0.0,0.6670800737391503,0.3329199262608496
5650-VDUDS,Yes,1.0,1.0,0.44008091607558203,0.559919083924418
5651-WYIPH,No,0.0,0.0,0.6649073852473072,0.3350926147526928
5655-JSMZM,Yes,1.0,0.0,0.5724558519611189,0.4275441480388811
5656-JAMLX,No,0.0,0.0,0.9522788355314954,0.04772116446850468
5656-MJEFC,No,0.0,0.0,0.9294719573572179,0.07052804264278213
5666-MBJPT,No,0.0,0.0,0.9494352336357608,0.050564766364239275
5668-MEISB,No,0.0,0.0,0.9116148363236918,0.08838516367630823
5669-SRAIP,Yes,1.0,0.0,0.6602998313346833,0.33970016866531666
5671-UUNXD,No,0.0,0.0,0.7737226014777845,0.22627739852221554
5684-FJVYR,No,0.0,0.0,0.9146883687412257,0.08531163125877432
5686-CMAWK,No,0.0,0.0,0.6679912424175906,0.33200875758240944
5692-ICXLW,No,0.0,0.0,0.6196091937008892,0.3803908062991109
5693-PIPCS,No,0.0,0.0,0.8405956115017583,0.15940438849824165
5696-CEIQJ,No,0.0,0.0,0.9071519040401178,0.09284809595988228
5696-EXCYS,No,0.0,0.0,0.8943223986285102,0.10567760137148986
5701-SVCWR,No,0.0,0.0,0.7775099788687592,0.22249002113124078
5716-EZXZN,No,0.0,0.0,0.8456000411070944,0.15439995889290556
5724-BIDBU,No,0.0,0.0,0.8637394141153442,0.13626058588465575
5730-RIITO,No,0.0,0.0,0.7270374367621262,0.2729625632378739
5740-YHGTW,No,0.0,0.0,0.7274516375020059,0.272548362497994
5756-JYOJT,No,0.0,0.0,0.8511352190908507,0.14886478090914942
5766-FTRTS,No,0.0,0.0,0.9243707267236204,0.07562927327637951
5766-ZJYBB,Yes,1.0,0.0,0.8174963316306917,0.1825036683693083
5777-ZPQNC,No,0.0,0.0,0.8816262989657754,0.11837370103422468
5797-APWZC,Yes,1.0,1.0,0.33353560465650384,0.6664643953434962
5804-JMYIO,No,0.0,0.0,0.9506549984983604,0.04934500150163954
5808-TOTXO,No,0.0,0.0,0.8936815506780434,0.10631844932195651
5813-UECBU,Yes,1.0,0.0,0.6561049682211778,0.3438950317788222
5816-JMLGY,No,0.0,0.0,0.9243807578871136,0.0756192421128865
5816-QVHRX,No,0.0,0.0,0.6689263149005592,0.3310736850994409
5820-PTRYM,No,0.0,0.0,0.8924612376506725,0.1075387623493275
5839-SUYVZ,No,0.0,0.0,0.5686618305562616,0.4313381694437384
5843-TTHGI,No,0.0,0.0,0.7138066097657589,0.286193390234241
5845-BZZIB,No,0.0,0.0,0.9534986003940951,0.04650139960590494
5846-ABOBJ,No,0.0,0.0,0.9462988275581782,0.05370117244182183
5846-NEQVZ,No,0.0,0.0,0.9252799614499729,0.07472003855002705
5854-KSRBJ,No,0.0,0.0,0.9539535675015135,0.0460464324984865
5862-BRIXZ,No,0.0,0.0,0.9358276708298867,0.06417232917011338
5868-CZJDR,Yes,1.0,1.0,0.4956608793538723,0.5043391206461277
5868-YWPDW,Yes,1.0,1.0,0.4268179044045188,0.5731820955954813
5876-QMYLD,No,0.0,0.0,0.909459441616562,0.09054055838343798
5882-CMAZQ,No,0.0,0.0,0.7422266645658884,0.2577733354341117
5886-VLQVU,No,0.0,0.0,0.7256088903805534,0.27439110961944657
5893-KCLGT,No,0.0,0.0,0.9566350064716775,0.04336499352832238
5896-NPFWW,Yes,1.0,0.0,0.5469939779931979,0.45300602200680207
5909-ECHUI,Yes,1.0,1.0,0.4362524977316185,0.5637475022683814
5913-INRQV,No,0.0,0.0,0.8376271605162765,0.16237283948372358
5916-QEWPT,No,0.0,0.0,0.5983780102888104,0.4016219897111896
5919-VCZYM,No,0.0,0.0,0.8477167967747574,0.1522832032252426
5921-NGYRH,No,0.0,0.0,0.7233048948305769,0.27669510516942314
5934-TSSAU,No,0.0,0.0,0.6782084594736545,0.3217915405263455
5937-EORGB,No,0.0,0.0,0.5289526338549174,0.4710473661450826
5940-NFXKV,Yes,1.0,0.0,0.5651368345677477,0.4348631654322523
5955-EPOAZ,No,0.0,0.0,0.8627021255659849,0.13729787443401517
5959-BELXA,Yes,1.0,0.0,0.5902175459341794,0.4097824540658206
5976-JCJRH,Yes,1.0,1.0,0.43284087083347766,0.5671591291665223
5989-OMNJE,No,0.0,0.0,0.8871701230763954,0.1128298769236045
5996-NRVXR,No,0.0,0.0,0.7965571517046547,0.2034428482953453
6010-DDPPW,No,0.0,0.0,0.9462988275581782,0.05370117244182183
6013-BHCAW,No,0.0,0.0,0.9279085241531724,0.07209147584682764
6016-NXBNJ,No,0.0,0.0,0.8970533162448464,0.10294668375515363
6022-KOUQO,No,0.0,0.0,0.5892372070119171,0.410762792988083
6022-UGGSO,Yes,1.0,0.0,0.6128631870487137,0.38713681295128627
6029-WTIPC,Yes,1.0,0.0,0.5809152090549933,0.4190847909450068
6032-KRXXO,Yes,1.0,0.0,0.5988267197820552,0.4011732802179449
6034-ZRYCV,Yes,1.0,0.0,0.8523804714923399,0.14761952850766016
6036-TTFYU,No,0.0,0.0,0.8557667512062909,0.14423324879370925
6064-ZATLR,No,0.0,0.0,0.8959095475323002,0.1040904524676998
6072-NUQCB,No,0.0,0.0,0.9098859092179493,0.09011409078205077
6087-MVHJH,Yes,1.0,1.0,0.46797211032428293,0.5320278896757171
6087-YPWHO,No,0.0,0.0,0.9243707267236204,0.07562927327637951
6092-QZVPP,No,0.0,0.0,0.813364772859464,0.18663522714053601
6094-ZIVKX,No,0.0,0.0,0.8907724162009197,0.10922758379908018
6096-EGVTU,No,0.0,0.0,0.9127580106197151,0.08724198938028492
6108-OQZDQ,Yes,1.0,1.0,0.4633356829062704,0.5366643170937295
6128-DAFVY,No,0.0,0.0,0.7108316003589407,0.28916839964105934
6131-JLWZM,No,0.0,0.0,0.8512491524544594,0.14875084754554058
6158-DWPZT,Yes,1.0,0.0,0.776313913075249,0.22368608692475098
6164-HAQTX,No,0.0,0.0,0.9289279232295623,0.07107207677043774
6166-ILMNY,Yes,1.0,1.0,0.38193473611016643,0.6180652638898336
6166-YIPFO,No,0.0,0.0,0.9127808013745597,0.08721919862544025
6173-GOLSU,No,0.0,0.0,0.6073220774882523,0.3926779225117477
6177-PEVRA,No,0.0,0.0,0.891973984588609,0.10802601541139102
6188-UXBBR,No,0.0,0.0,0.9051032706763797,0.09489672932362025
6202-JVYEU,No,0.0,0.0,0.8816262989657754,0.11837370103422468
6203-HBZPA,No,0.0,0.0,0.9331305890806721,0.06686941091932781
6211-WHMYA,No,0.0,0.0,0.7820197604836633,0.21798023951633677
6240-EURKS,Yes,1.0,0.0,0.7365488636099401,0.2634511363900599
6242-FEGFD,No,0.0,0.0,0.906862465775092,0.09313753422490802
6257-DTAYD,No,0.0,0.0,0.8642576171913843,0.1357423828086157
6260-XLACS,No,0.0,0.0,0.8694851504459179,0.13051484955408207
6261-LHRTG,No,0.0,0.0,0.7596047476267715,0.24039525237322842
6275-YDUVO,Yes,1.0,1.0,0.3576252697736669,0.6423747302263331
6284-KMNUF,No,0.0,0.0,0.7981267112249568,0.2018732887750432
6285-FTQBF,No,0.0,0.0,0.9567971693972481,0.0432028306027519
6292-TOSSS,No,0.0,0.0,0.902142983402334,0.09785701659766599
6298-QDFNH,Yes,1.0,0.0,0.5069352459065677,0.49306475409343226
6308-CQRBU,No,0.0,0.0,0.8450528224760844,0.15494717752391568
6317-YPKDH,Yes,1.0,1.0,0.49779542825153145,0.5022045717484686
6330-JKLPC,Yes,1.0,1.0,0.44412397982243423,0.5558760201775658
6339-RZCBJ,No,0.0,0.0,0.9124726499331113,0.08752735006688865
6348-SNFUS,No,0.0,0.0,0.9288601894037425,0.07113981059625747
6349-JDHQP,No,0.0,0.0,0.935737175242705,0.06426282475729493
6352-GIGGQ,No,0.0,0.0,0.8809313682588616,0.1190686317411384
6352-TWCAU,Yes,1.0,0.0,0.6434134615125763,0.3565865384874237
6356-ELRKD,Yes,1.0,1.0,0.3685194920711957,0.6314805079288043
6358-LYNGM,Yes,1.0,1.0,0.3084666890826437,0.6915333109173563
6368-NWMCE,No,0.0,0.0,0.768694350701447,0.231305649298553
6371-NZYEG,No,0.0,0.0,0.8862853159010027,0.11371468409899724
6372-RFVNS,Yes,1.0,1.0,0.33353560465650384,0.6664643953434962
6379-RXJRQ,Yes,1.0,1.0,0.43284087083347766,0.5671591291665223
6384-VMJHP,No,0.0,0.0,0.927507132801203,0.07249286719879695
6388-TABGU,No,0.0,0.0,0.8985676023459915,0.10143239765400841
6397-JNZZG,Yes,1.0,0.0,0.7609912731189197,0.23900872688108035
6400-BWQKW,Yes,1.0,0.0,0.5112059005544324,0.4887940994455676
6402-ZFPPI,Yes,1.0,0.0,0.6074376579827725,0.3925623420172275
6407-UTSLV,No,0.0,1.0,0.32892669172730454,0.6710733082726955
6416-JNVRK,No,0.0,0.0,0.8418576761823013,0.15814232381769863
6425-YQLLO,Yes,1.0,0.0,0.7619632713222497,0.23803672867775025
6435-SRWBJ,No,0.0,1.0,0.46043298925679804,0.5395670107432019
6439-GTPCA,Yes,1.0,0.0,0.7112148413073952,0.28878515869260485
6447-GORXK,No,0.0,0.0,0.7156956846044844,0.28430431539551554
6458-CYIDZ,No,0.0,0.0,0.5895418381951091,0.41045816180489086
6461-SZMCV,No,0.0,0.0,0.9215271248278859,0.07847287517211411
6478-HRRCZ,No,0.0,0.0,0.8760274557712705,0.12397254422872941
6479-OAUSD,No,0.0,0.0,0.8809381235574434,0.11906187644255668
6481-OGDOO,Yes,1.0,0.0,0.8149012215676542,0.18509877843234582
6485-QXWWE,No,0.0,0.0,0.9609360817404948,0.03906391825950519
6486-LHTMA,No,0.0,0.0,0.7827717640087514,0.21722823599124869
6496-SLWHQ,Yes,1.0,1.0,0.36472130519869006,0.6352786948013099
6500-JVEGC,No,0.0,0.0,0.8458242772195429,0.15417572278045713
6502-HCJTI,Yes,1.0,0.0,0.5246885271121637,0.4753114728878362
6506-EYCNH,No,0.0,0.0,0.8751082509377005,0.12489174906229948
6507-ZJSUR,No,0.0,0.0,0.5724558519611189,0.4275441480388811
6509-TSGWN,No,0.0,0.0,0.8779803523394664,0.12201964766053366
6522-OIQSX,No,0.0,0.0,0.9201287904502375,0.0798712095497624
6527-PZFPV,No,0.0,0.0,0.9131844782211023,0.08681552177889773
6537-QLGEX,No,0.0,0.0,0.6721727412452684,0.3278272587547317
6538-POCHL,No,0.0,0.0,0.682475836042114,0.31752416395788596
6543-CPZMK,Yes,1.0,0.0,0.6374902565609873,0.3625097434390126
6543-JXSOO,No,0.0,0.0,0.8887802254867985,0.11121977451320146
6549-BTYPG,No,0.0,0.0,0.9312636817509137,0.06873631824908628
6551-VLJMV,No,0.0,0.0,0.9491424294539128,0.050857570546087236
6556-DBKZF,No,0.0,0.0,0.840599563503256,0.15940043649674396
6559-ILWKJ,Yes,1.0,0.0,0.8638359490304125,0.1361640509695876
6559-PDZLR,No,0.0,0.0,0.683732631130947,0.31626736886905304
6574-MCOEH,No,0.0,0.0,0.8467533951595422,0.1532466048404579
6576-FBXOJ,No,0.0,0.0,0.7850750752174953,0.2149249247825047
6585-WCEWR,No,0.0,0.0,0.9419086750450344,0.058091324954965676
6586-MYGKD,No,0.0,0.0,0.8927008085103408,0.10729919148965918
6595-COKXZ,Yes,1.0,1.0,0.42016988118707144,0.5798301188129286
6599-SFQVE,No,0.0,0.0,0.663136921950072,0.33686307804992793
6614-YOLAC,No,0.0,0.0,0.9179078391369958,0.08209216086300421
6614-YWYSC,No,0.0,0.0,0.9462988275581782,0.05370117244182183
6627-CFOSN,No,0.0,0.0,0.6890844887709372,0.3109155112290627
6630-UJZMY,No,0.0,1.0,0.3639242834636731,0.6360757165363269
6637-KYRCV,No,0.0,0.0,0.6542729337809338,0.3457270662190663
6650-BWFRT,No,0.0,0.0,0.9113897659676636,0.08861023403233645
6655-LHBYW,No,0.0,0.0,0.8194606568894247,0.18053934311057526
6656-JWRQX,No,0.0,0.0,0.6055636345648405,0.39443636543515936
6668-CNMFP,No,0.0,0.0,0.7562267505027321,0.2437732494972679
6680-NENYN,Yes,1.0,0.0,0.8390126900319828,0.16098730996801724
6685-GBWJZ,No,0.0,0.0,0.8718247899201607,0.12817521007983937
6691-CCIHA,No,0.0,0.0,0.8245452413984127,0.17545475860158735
6692-UDPJC,Yes,1.0,0.0,0.5423108414869034,0.4576891585130966
6695-FRVEC,No,0.0,0.0,0.9323879556698014,0.06761204433019864
6712-OAWRH,Yes,1.0,0.0,0.5724558519611189,0.4275441480388811
6713-OKOMC,No,0.0,0.0,0.6489512986596789,0.35104870134032107
6719-OXYBR,No,0.0,1.0,0.38882548326020705,0.6111745167397928
6728-VOIFY,No,0.0,0.0,0.7798866844099329,0.22011331559006703
6734-GMPVK,No,0.0,1.0,0.4650201637159085,0.5349798362840915
6749-UTDVX,No,0.0,0.0,0.827491879081492,0.172508120918508
6754-LZUKA,No,0.0,0.0,0.9007978325524014,0.0992021674475985
6762-QVYJO,No,0.0,0.0,0.9337470196251767,0.06625298037482331
6769-DCQLI,Yes,1.0,0.0,0.849313581843423,0.15068641815657705
6784-XYJAE,No,0.0,0.0,0.8179165513705207,0.1820834486294793
6807-SIWJI,No,0.0,0.0,0.8339129107469369,0.16608708925306312
6810-VCAEX,No,0.0,0.0,0.8760274557712705,0.12397254422872941
6817-WTYHE,No,0.0,0.0,0.517166715852242,0.482833284147758
6823-SIDFQ,No,0.0,0.0,0.8809381235574434,0.11906187644255668
6837-HAEVO,No,0.0,0.0,0.8397148427594997,0.1602851572405003
6838-HVLXG,No,0.0,0.0,0.8512491524544594,0.14875084754554058
6847-KJLTS,No,0.0,0.0,0.6415259942174153,0.3584740057825847
6848-HJTXY,No,0.0,0.0,0.8799944797320911,0.1200055202679088
6857-TKDJV,No,0.0,0.0,0.9577996756629122,0.042200324337087744
6859-QNXIQ,No,0.0,0.0,0.9116148363236918,0.08838516367630823
6862-CQUMB,No,0.0,0.0,0.6133758829575634,0.3866241170424366
6869-FGJJC,No,0.0,0.0,0.8264895846098342,0.17351041539016576
6874-SGLHU,No,0.0,0.0,0.8100078558739099,0.18999214412609006
6878-GGDWG,No,0.0,0.0,0.8754430846416994,0.12455691535830062
6890-PFRQX,No,0.0,0.0,0.7988551615144174,0.20114483848558257
6894-LFHLY,Yes,1.0,1.0,0.31505124410872676,0.6849487558912732
6897-UUBNU,No,0.0,0.0,0.7503485515555985,0.24965144844440143
6900-PXRMS,Yes,1.0,0.0,0.6428801687563637,0.35711983124363633
6908-VVYHM,No,0.0,0.0,0.6459800615218254,0.35401993847817465
6917-FIJHC,No,0.0,0.0,0.9491424294539128,0.050857570546087236
6921-OZMFH,No,0.0,0.0,0.7204285018178734,0.2795714981821265
6923-JHPMP,No,0.0,1.0,0.46199658643971403,0.538003413560286
6933-FHBZC,No,0.0,0.0,0.8740768272853314,0.12592317271466855
6941-PMGEP,Yes,1.0,1.0,0.38683300229709905,0.613166997702901
6942-LBFDP,No,0.0,0.0,0.8477167967747574,0.1522832032252426
6956-SMUCM,Yes,1.0,1.0,0.49986867985484756,0.5001313201451524
6967-PEJLL,No,0.0,0.0,0.8878826565004345,0.11211734349956545
6968-MHOMU,No,0.0,0.0,0.8459373043503273,0.15406269564967265
6976-BWGLQ,No,0.0,0.0,0.9577996756629122,0.042200324337087744
6979-TNDEU,No,0.0,0.0,0.8347074921656692,0.16529250783433083
6980-IMXXE,No,0.0,0.0,0.9506549984983604,0.04934500150163954
6981-TDRFT,No,0.0,0.0,0.8343164203696262,0.1656835796303739
6982-UQZLY,Yes,1.0,0.0,0.8255462860622251,0.17445371393777492
6986-IJDHX,Yes,1.0,0.0,0.668767669377502,0.33123233062249796
6986-IXNDM,No,0.0,0.0,0.5031261707315021,0.49687382926849794
6992-TKNYO,No,0.0,0.0,0.8670051030277789,0.13299489697222114
6994-FGRHH,No,0.0,0.0,0.7612022377069982,0.2387977622930018
6999-CHVCF,No,0.0,0.0,0.8646172154332821,0.1353827845667179
7008-LZVOZ,No,0.0,0.0,0.9539535675015135,0.0460464324984865
7009-PCARS,No,0.0,0.0,0.9014094871850286,0.09859051281497136
7020-OZKXZ,No,0.0,0.0,0.5081875265978482,0.49181247340215173
7021-XSNYE,No,0.0,0.0,0.925417595864253,0.07458240413574706
7026-YMSBE,No,0.0,0.0,0.8805116559560562,0.11948834404394389
7032-LMBHI,No,0.0,0.0,0.8841794293954479,0.11582057060455216
7036-TYDEC,No,0.0,0.0,0.8632200810648945,0.1367799189351056
7036-ZZKBD,No,0.0,0.0,0.807432914659129,0.19256708534087094
7044-YAACC,No,0.0,1.0,0.38033854426781327,0.6196614557321868
7049-GKVZY,No,0.0,0.0,0.8576023386425718,0.14239766135742812
7055-VKGDA,Yes,1.0,0.0,0.8438359370830129,0.15616406291698706
7074-IEVOJ,Yes,1.0,1.0,0.3546347527294832,0.6453652472705168
7077-XJMET,No,0.0,0.0,0.7283897830026504,0.27161021699734955
7079-QRCBC,Yes,1.0,0.0,0.543219549475367,0.45678045052463306
7101-HRBLJ,No,0.0,0.0,0.9245957970796487,0.07540420292035128
7102-JJVTX,No,0.0,0.0,0.8313357075395174,0.16866429246048273
7103-ZGVNT,No,0.0,0.0,0.8845775596356886,0.11542244036431137
7110-BDTWG,No,0.0,0.0,0.8738388828496632,0.1261611171503368
7120-RFMVS,Yes,1.0,1.0,0.33353560465650384,0.6664643953434962
7123-WQUHX,No,0.0,0.0,0.7987523630777011,0.20124763692229883
7129-AZJDE,No,0.0,0.0,0.8344116022376052,0.16558839776239473
7129-CAKJW,No,0.0,1.0,0.4772093545835867,0.5227906454164134
7138-GIRSH,No,0.0,0.0,0.884264235699335,0.11573576430066505
7140-ADSMJ,No,0.0,0.0,0.8347074921656692,0.16529250783433083
7142-HVGBG,Yes,1.0,0.0,0.6005863406183152,0.3994136593816848
7148-XZPHA,No,0.0,0.0,0.7257073188962893,0.2742926811037108
7157-SMCFK,No,0.0,0.0,0.953791404575943,0.04620859542405698
7162-WPHPM,No,0.0,0.0,0.9260165875080079,0.07398341249199207
7164-BPTUT,No,0.0,0.0,0.9248886012614966,0.07511139873850334
7181-OQCUT,No,0.0,0.0,0.6647982306504302,0.33520176934956986
7205-BAIAD,No,0.0,0.0,0.8980144412808954,0.10198555871910465
7206-PQBBZ,No,0.0,1.0,0.44586991229109213,0.5541300877089079
7208-PSIHR,No,0.0,0.0,0.8392684169735402,0.16073158302645987
7225-CBZPL,No,0.0,1.0,0.4542116220196347,0.5457883779803653
7225-IILWY,No,0.0,0.0,0.9539535675015135,0.0460464324984865
7233-DRTRF,No,0.0,0.0,0.63946319217775,0.36053680782224995
7233-PAHHL,No,0.0,0.0,0.9252799614499729,0.07472003855002705
7244-KXYZN,No,0.0,0.0,0.8974797838462335,0.10252021615376644
7244-QWYHG,No,0.0,0.0,0.8810023485842929,0.1189976514157071
7245-NIIWQ,No,0.0,1.0,0.37890469109002833,0.6210953089099717
7248-VZQLC,Yes,1.0,0.0,0.6057618566707779,0.39423814332922213
7267-FRMJW,No,0.0,0.0,0.9539250679954823,0.04607493200451773
7270-BDIOA,Yes,1.0,0.0,0.6204038422676583,0.3795961577323416
7273-TEFQD,Yes,1.0,0.0,0.5048506707029885,0.4951493292970115
7293-LSCDV,No,0.0,0.0,0.9538609192346748,0.04613908076532523
7295-JOMMD,Yes,1.0,1.0,0.47194485479720427,0.5280551452027957
7297-DVYGA,No,0.0,0.0,0.8970533162448464,0.10294668375515363
7301-ABVAD,No,0.0,0.0,0.9301356955044024,0.06986430449559755
7311-MQJCH,No,0.0,0.0,0.8816262989657754,0.11837370103422468
7321-KKSDU,No,0.0,0.0,0.9599335754748306,0.04006642452516935
7321-ZNSLA,No,0.0,0.0,0.9137810812271819,0.08621891877281801
7328-OWMOM,No,0.0,0.0,0.9014094871850286,0.09859051281497136
7341-LXCAF,Yes,1.0,1.0,0.3972278858630372,0.6027721141369629
7351-KYHQH,No,0.0,0.0,0.6180832189459269,0.38191678105407306
7377-DMMRI,Yes,1.0,0.0,0.5014996620668518,0.4985003379331482
7379-FNIUJ,No,0.0,0.0,0.534647688088554,0.46535231191144605
7384-GHBPI,Yes,1.0,1.0,0.44008091607558203,0.559919083924418
7401-JIXNM,No,0.0,0.0,0.9245957970796487,0.07540420292035128
7402-EYFXX,No,0.0,0.0,0.5724558519611189,0.4275441480388811
7402-PWYJJ,No,0.0,0.0,0.8354705642747305,0.16452943572526954
7404-JLKQG,No,0.0,0.0,0.5401266086516016,0.4598733913483984
7409-KIUTL,Yes,1.0,1.0,0.34387504872562386,0.6561249512743762
7426-GSWPO,No,0.0,0.0,0.7106770038563048,0.2893229961436952
7426-RHZGU,No,0.0,0.0,0.5766079236497781,0.42339207635022186
7432-FFVAR,No,0.0,0.0,0.8356695622189895,0.16433043778101056
7445-WMRBW,No,0.0,0.0,0.8423098768803704,0.15769012311962957
7446-KQISO,No,0.0,0.0,0.9198957116265721,0.0801042883734278
7479-NITWS,Yes,1.0,1.0,0.41516816167107,0.5848318383289299
7493-TPUWZ,Yes,1.0,1.0,0.32601132714967807,0.6739886728503219
7508-KBIMB,No,0.0,0.0,0.9032319729658893,0.09676802703411075
7521-AFHAB,No,0.0,0.0,0.6761868940529328,0.32381310594706725
7524-VRLPL,No,0.0,0.0,0.9246635309054684,0.07533646909453155
7526-BEZQB,Yes,1.0,1.0,0.4051402385011167,0.5948597614988833
7530-HDYDS,Yes,1.0,0.0,0.6821553886796805,0.3178446113203195
7537-CBQUZ,No,0.0,0.0,0.7051923425841463,0.2948076574158537
7541-YLXCL,Yes,1.0,0.0,0.8498994616608917,0.15010053833910827
7551-JOHTI,Yes,1.0,0.0,0.8174963316306917,0.1825036683693083
7554-NEWDD,No,0.0,0.0,0.8939600797879305,0.10603992021206958
7562-UXTPG,No,0.0,1.0,0.49486559335461866,0.5051344066453815
7564-GHCVB,No,0.0,0.0,0.8885013398395467,0.11149866016045325
7570-WELNY,No,0.0,0.0,0.8426633717076135,0.15733662829238648
7571-YXDAD,Yes,1.0,1.0,0.36670418697403784,0.633295813025962
7572-KPVKK,No,0.0,0.0,0.8374291272019748,0.16257087279802515
7581-EBBOU,No,0.0,0.0,0.8780389845958958,0.12196101540410419
7587-RZNME,Yes,1.0,0.0,0.5141366708321039,0.48586332916789615
7593-JNWRU,Yes,1.0,0.0,0.7133244503506013,0.28667554964939873
7596-IIWYC,No,0.0,0.0,0.9522788355314954,0.04772116446850468
7601-DHFWZ,No,0.0,0.0,0.9494352336357608,0.050564766364239275
7605-BDWDC,No,0.0,0.0,0.8978714419412525,0.10212855805874746
7606-BPHHN,No,0.0,0.0,0.9522788355314954,0.04772116446850468
7607-QKKTJ,No,0.0,0.0,0.8537256145141523,0.14627438548584765
7619-ODSGN,Yes,1.0,0.0,0.7799980902392302,0.2200019097607698
7619-PLRLP,No,0.0,0.0,0.8657167769560116,0.13428322304398843
7621-VPNET,No,0.0,0.0,0.6258999398922444,0.3741000601077556
7629-WFGLW,No,0.0,0.0,0.8214724470432075,0.17852755295679243
7632-YUTXB,No,0.0,0.0,0.9098859092179493,0.09011409078205077
7633-MVPUY,No,0.0,0.0,0.8961185184664123,0.10388148153358777
7634-WSWDB,No,0.0,0.0,0.6904555688419391,0.3095444311580608
7641-TQFHN,No,0.0,0.0,0.9020024897783844,0.09799751022161565
7649-SIJJF,No,0.0,0.0,0.9215271248278859,0.07847287517211411
7657-DYEPJ,Yes,1.0,0.0,0.8589551485962454,0.1410448514037545
7663-YJHSN,No,0.0,0.0,0.9113897659676636,0.08861023403233645
7688-AWMDX,No,0.0,0.0,0.9111485759149744,0.08885142408502564
7691-KGKGP,No,0.0,0.0,0.7923045082143235,0.20769549178567648
7691-XVTZH,No,0.0,0.0,0.831048358579402,0.168951641420598
7693-QPEFS,No,0.0,0.0,0.6527422003426648,0.34725779965733516
7696-CFTAT,No,0.0,0.0,0.9534986003940951,0.04650139960590494
7706-DZNKK,No,0.0,0.0,0.8512491524544594,0.14875084754554058
7707-PYBBH,No,0.0,0.0,0.7886316142456437,0.21136838575435635
7716-YTYHG,Yes,1.0,0.0,0.8224024813397401,0.17759751866025977
7729-XBTWX,No,0.0,0.0,0.9506549984983604,0.04934500150163954
7730-CLDSV,No,0.0,0.0,0.9182120133297352,0.08178798667026478
7740-BTPUX,No,0.0,0.0,0.8013514419881905,0.19864855801180953
7742-MYPGI,No,0.0,0.0,0.7563035179401516,0.2436964820598484
7746-AWNQW,No,0.0,0.0,0.815691603995302,0.18430839600469795
7746-QYVCO,No,0.0,0.0,0.7763849126668896,0.2236150873331105
7753-USQYQ,No,0.0,0.0,0.8478503303014155,0.15214966969858448
7754-IXRMC,No,0.0,1.0,0.4452387967609316,0.5547612032390685
7758-UJWYS,No,0.0,0.0,0.8790104764788719,0.12098952352112817
7779-LGOVN,Yes,1.0,1.0,0.39953726843411363,0.6004627315658865
7780-OTDSO,Yes,1.0,0.0,0.54291232086725,0.45708767913274995
7795-CFOCW,No,0.0,0.0,0.888613949070249,0.11138605092975094
7797-EJMDP,No,0.0,0.0,0.7896556375423539,0.21034436245764612
7802-EFKNY,Yes,1.0,0.0,0.5296514156899665,0.4703485843100335
7813-TKCVO,No,0.0,0.0,0.9051032706763797,0.09489672932362025
7817-OMJNA,No,0.0,0.0,0.8974797838462335,0.10252021615376644
7826-VVKWT,No,0.0,0.0,0.7918605759757265,0.20813942402427352
7833-PKIHD,No,0.0,0.0,0.894098832395254,0.10590116760474606
7838-LAZFO,No,0.0,0.0,0.8988223706324532,0.1011776293675468
7851-FLGGQ,Yes,1.0,0.0,0.6323928701657401,0.3676071298342599
7854-EKTJL,Yes,1.0,0.0,0.8476724559460069,0.15232754405399315
7858-GTZSP,No,0.0,1.0,0.4051402385011167,0.5948597614988833
7861-UVUFT,Yes,1.0,1.0,0.4544932218363725,0.5455067781636276
7868-BGSZA,No,0.0,0.0,0.8862882870090183,0.11371171299098173
7892-QVYKW,No,0.0,0.0,0.6244007130287793,0.3755992869712206
7895-VONWT,No,0.0,0.0,0.6989505774124545,0.3010494225875456
7901-IIDQV,No,0.0,0.0,0.8303690410993458,0.16963095890065413
7921-BEPCI,No,0.0,0.0,0.8907614407797537,0.10923855922024621
7929-SKFGK,No,0.0,0.0,0.8880639477991985,0.11193605220080151
7931-PXHFC,Yes,1.0,0.0,0.8423098768803704,0.15769012311962957
7940-UQQUG,No,0.0,0.0,0.8563225351352564,0.14367746486474361
7943-RQCHR,Yes,1.0,1.0,0.41861912698902715,0.5813808730109729
7951-VRDVK,No,0.0,0.0,0.888613949070249,0.11138605092975094
7954-MLBUN,No,0.0,0.0,0.880584668631134,0.11941533136886587
7966-YOTQW,No,0.0,0.0,0.6802595709713071,0.3197404290286929
7968-QUXNS,No,0.0,0.0,0.8627021255659849,0.13729787443401517
7971-HLVXI,No,0.0,0.0,0.8706019800936982,0.12939801990630176
7989-CHGTL,Yes,1.0,0.0,0.8174963316306917,0.1825036683693083
7993-PYKOF,Yes,1.0,0.0,0.5659266424646409,0.43407335753535914
8006-PYCSW,No,0.0,0.0,0.8477167967747574,0.1522832032252426
8007-YYPWD,No,0.0,0.0,0.8939600797879305,0.10603992021206958
8012-SOUDQ,No,0.0,0.0,0.5967255313400149,0.403274468659985
8016-ZMGMO,No,0.0,0.0,0.8259795946608562,0.17402040533914376
8017-UVSZU,No,0.0,0.0,0.7507260790114229,0.24927392098857712
8020-BWHYL,Yes,1.0,1.0,0.43848931552577086,0.561510684474229
8024-XNAFQ,No,0.0,0.0,0.9113897659676636,0.08861023403233645
8029-XYPWT,No,0.0,0.0,0.9008077553856529,0.09919224461434702
8039-ACLPL,No,0.0,0.0,0.9149874762707223,0.08501252372927767
8048-DSDFQ,No,0.0,0.0,0.8174963316306917,0.1825036683693083
8053-WWDRO,Yes,1.0,0.0,0.8707520799975182,0.12924792000248178
8058-INTPH,Yes,1.0,1.0,0.3084666890826437,0.6915333109173563
8060-HIWJJ,No,0.0,0.0,0.9272920936086678,0.07270790639133215
8069-RHUXK,No,0.0,0.0,0.9343288594968855,0.06567114050311448
8070-AAWZP,No,0.0,0.0,0.8237415584268354,0.1762584415731646
8080-DDEMJ,Yes,1.0,1.0,0.45182335178701466,0.5481766482129854
8083-YTZES,Yes,1.0,1.0,0.3972278858630372,0.6027721141369629
8085-MSNLK,No,0.0,0.0,0.9113897659676636,0.08861023403233645
8089-UZWLX,No,0.0,0.0,0.8165503893236644,0.18344961067633564
8092-NLTGF,No,0.0,0.0,0.9522788355314954,0.04772116446850468
8096-LOIST,No,0.0,0.0,0.7236822255397447,0.2763177744602554
8097-VBQTZ,No,0.0,0.0,0.8065559846422382,0.1934440153577618
8111-RKSPX,Yes,1.0,1.0,0.3972278858630372,0.6027721141369629
8111-SLLHI,Yes,1.0,0.0,0.5959877928027411,0.40401220719725894
8118-TJAFG,No,0.0,0.0,0.6543024551097137,0.34569754489028615
8120-JDCAM,No,0.0,1.0,0.42605169047993424,0.5739483095200658
8132-YPVBX,No,0.0,1.0,0.4410003889160168,0.5589996110839832
8146-QQKZH,No,0.0,0.0,0.9215271248278859,0.07847287517211411
8148-WOCMK,No,0.0,0.0,0.9424720948839569,0.05752790511604313
8149-AIQCG,No,0.0,0.0,0.6537388780835287,0.34626112191647135
8149-RSOUN,Yes,1.0,1.0,0.3084666890826437,0.6915333109173563
8161-QYMTT,No,0.0,1.0,0.4051402385011167,0.5948597614988833
8166-ORCHU,No,0.0,0.0,0.8294647135449,0.17053528645509988
8178-EYZUO,Yes,1.0,0.0,0.7042896662464835,0.29571033375351646
8181-YHCMF,No,0.0,0.0,0.909561314211557,0.09043868578844298
8182-BJDSI,Yes,1.0,0.0,0.5590298717603887,0.44097012823961135
8191-XWSZG,No,0.0,0.0,0.8805116559560562,0.11948834404394389
8194-PEEBY,No,0.0,0.0,0.9098859092179493,0.09011409078205077
8201-AAXCB,No,0.0,0.0,0.7624039205486517,0.23759607945134842
8213-TAZPM,No,0.0,0.0,0.8495386521994511,0.15046134780054882
8215-NGSPE,No,0.0,0.0,0.9465264563769218,0.053473543623078205
8217-QYOHV,No,0.0,0.0,0.7398592774913737,0.2601407225086263
8221-EQDGL,No,0.0,0.0,0.8356294795006111,0.16437052049938886
8224-IVVPA,No,0.0,0.0,0.7534083045830623,0.24659169541693768
8229-BUJHX,No,0.0,0.0,0.9549560737671777,0.045043926232822336
8231-BSWXX,No,0.0,0.0,0.7840050171360565,0.21599498286394347
8234-GSZYK,No,0.0,0.0,0.9522788355314954,0.04772116446850468
8237-ULIXL,No,0.0,0.0,0.9491424294539128,0.050857570546087236
8259-NFJTV,No,0.0,0.0,0.7698433261377652,0.2301566738622348
8263-JQAIK,Yes,1.0,1.0,0.40519810208075546,0.5948018979192446
8263-OKETD,No,0.0,0.0,0.760430066579739,0.23956993342026103
8265-HKSOW,No,0.0,0.0,0.9116148363236918,0.08838516367630823
8266-VBFQL,No,0.0,1.0,0.48611504536842387,0.513884954631576
8267-ZNYVZ,Yes,1.0,0.0,0.7938978530515001,0.20610214694850001
8313-KTIHG,No,0.0,0.0,0.646874953154483,0.35312504684551704
8314-HTWVE,No,0.0,0.0,0.9424720948839569,0.05752790511604313
8332-OSJDW,No,0.0,0.0,0.9017315051095769,0.09826849489042314
8336-TAVKX,No,0.0,0.0,0.9243707267236204,0.07562927327637951
8347-GDTMP,No,0.0,0.0,0.8799944797320911,0.1200055202679088
8348-JLBUG,No,0.0,0.0,0.8306449950564704,0.16935500494352965
8356-WUAOJ,No,0.0,1.0,0.42016988118707144,0.5798301188129286
8357-EQXFO,Yes,1.0,1.0,0.37859635999329716,0.6214036400067029
8372-JUXUI,Yes,1.0,1.0,0.3372904936995408,0.6627095063004592
8375-DKEBR,Yes,1.0,1.0,0.31505124410872676,0.6849487558912732
8388-FYNPZ,No,0.0,0.0,0.6405515730400323,0.35944842695996776
8393-DLHGA,Yes,1.0,0.0,0.5915379958194532,0.4084620041805468
8393-JMVMB,No,0.0,0.0,0.8174963316306917,0.1825036683693083
8395-ETZKQ,No,0.0,0.0,0.909459441616562,0.09054055838343798
8398-TBIYD,No,0.0,0.0,0.8937457304386646,0.10625426956133548
8399-YNDCH,Yes,1.0,0.0,0.7704437777183208,0.22955622228167913
8401-EMUWF,No,0.0,0.0,0.7728515839952294,0.22714841600477062
8404-GFGCZ,No,0.0,0.0,0.5926210075275794,0.4073789924724206
8404-VIOMB,No,0.0,0.0,0.9289279232295623,0.07107207677043774
8413-VONUO,Yes,1.0,1.0,0.37781098374632827,0.6221890162536716
8429-XIBUM,Yes,1.0,0.0,0.5528684861291342,0.4471315138708658
8433-WXGNA,Yes,1.0,0.0,0.5125359917173499,0.48746400828265024
8455-HIRAQ,No,0.0,0.0,0.6468879175114551,0.3531120824885448
8465-SBRXP,No,0.0,0.0,0.8828627835026082,0.11713721649739188
8466-PZBLH,No,0.0,0.0,0.9131495322111736,0.08685046778882646
8495-LJDFO,No,0.0,0.0,0.7425100351925149,0.25748996480748504
8510-TMWYB,No,0.0,0.0,0.9218804312980156,0.07811956870198446
8513-OLYGY,No,0.0,0.0,0.9113897659676636,0.08861023403233645
8532-UEFWH,No,0.0,0.0,0.9539535675015135,0.0460464324984865
8543-MSDMF,No,0.0,0.0,0.6362405943170899,0.3637594056829101
8548-AWOFC,No,0.0,0.0,0.7375000923104064,0.26249990768959364
8550-XSXUQ,No,0.0,0.0,0.843621544117595,0.15637845588240495
8564-LDKFL,No,0.0,0.0,0.8250793332097631,0.17492066679023688
8590-OHDIW,No,0.0,0.0,0.909459441616562,0.09054055838343798
8590-YFFQO,No,0.0,0.0,0.9215271248278859,0.07847287517211411
8591-TKMZH,No,0.0,0.0,0.905790056456052,0.0942099435439479
8610-WFCJF,Yes,1.0,0.0,0.5835074523590988,0.4164925476409012
8619-IJNDK,No,0.0,0.0,0.9260165875080079,0.07398341249199207
8622-ZLFKO,No,0.0,1.0,0.4232386949429563,0.5767613050570437
8623-ULFNQ,No,0.0,0.0,0.7580786758925361,0.24192132410746392
8625-AZYZY,Yes,1.0,0.0,0.5628906810386888,0.43710931896131117
8630-QSGXK,No,0.0,0.0,0.8819094429843207,0.11809055701567926
8634-CILSZ,Yes,1.0,0.0,0.8203377709625875,0.17966222903741252
8637-XJIVR,Yes,1.0,0.0,0.5062275340800996,0.4937724659199004
8640-SDGKB,Yes,1.0,0.0,0.6540657922253504,0.34593420777464956
8647-SDTWQ,No,0.0,0.0,0.6888857408990477,0.3111142591009522
8652-YHIYU,No,0.0,0.0,0.7429957331997491,0.2570042668002509
8660-BUETV,No,0.0,0.0,0.517166715852242,0.482833284147758
8676-OOQEJ,No,0.0,0.0,0.6304888693971962,0.3695111306028038
8676-TRMJS,Yes,1.0,1.0,0.38193473611016643,0.6180652638898336
8679-JOEVF,Yes,1.0,0.0,0.7350183698161138,0.2649816301838862
8680-CGLTP,No,0.0,0.0,0.8750088420907863,0.12499115790921361
8690-UPCZI,No,0.0,0.0,0.8737234391746339,0.12627656082536612
8696-JKZNU,Yes,1.0,0.0,0.614204864105106,0.3857951358948939
8699-ASUFO,Yes,1.0,1.0,0.44586991229109213,0.5541300877089079
8705-DWKTI,No,0.0,0.0,0.6312904810381796,0.3687095189618204
8707-RMEZH,No,0.0,0.0,0.8089703690268216,0.19102963097317843
8727-JQFHV,No,0.0,0.0,0.9539535675015135,0.0460464324984865
8727-XDPUD,No,0.0,0.0,0.868582162139103,0.131417837860897
8734-FNWVH,No,0.0,0.0,0.7178045281418994,0.2821954718581006
8735-SDUFN,No,0.0,0.0,0.9491424294539128,0.050857570546087236
8738-JOKAR,No,0.0,0.0,0.8680366980736131,0.1319633019263869
8740-CRYFY,Yes,1.0,1.0,0.3084666890826437,0.6915333109173563
8747-UDCOI,No,0.0,0.0,0.8799944797320911,0.1200055202679088
8749-TZYEC,No,0.0,0.0,0.9491424294539128,0.050857570546087236
8752-STIVR,Yes,1.0,1.0,0.3603450740021107,0.6396549259978893
8755-IWJHN,No,0.0,0.0,0.6499649348606377,0.3500350651393623
8757-TFHHJ,No,0.0,1.0,0.4780257654455448,0.5219742345544552
8761-NSOBC,Yes,1.0,0.0,0.7736876040344102,0.22631239596558989
8766-PAFNE,No,0.0,0.0,0.9241556875310852,0.07584431246891471
8773-HHUOZ,Yes,1.0,0.0,0.6487780283513617,0.3512219716486382
8780-IHCRN,No,0.0,0.0,0.9567971693972481,0.0432028306027519
8780-IXSTS,Yes,1.0,1.0,0.4232386949429563,0.5767613050570437
8780-YRMTT,No,0.0,0.0,0.9331305890806721,0.06686941091932781
8807-ARQET,No,0.0,0.0,0.7238204585706465,0.27617954142935347
8807-OPMBM,No,0.0,0.0,0.9539535675015135,0.0460464324984865
8818-DOPVL,No,0.0,0.0,0.6234700029791893,0.37652999702081075
8847-GEOOQ,No,0.0,0.0,0.8313739992502562,0.1686260007497438
8869-TORSS,Yes,1.0,0.0,0.888613949070249,0.11138605092975094
8871-JLMHM,No,0.0,0.0,0.8960595050783221,0.10394049492167791
8873-GLDMH,No,0.0,1.0,0.4712785040583797,0.5287214959416203
8875-AKBYH,No,0.0,0.0,0.5274276410289225,0.47257235897107747
8883-ANODQ,No,0.0,0.0,0.8616682348210626,0.13833176517893733
8898-KASCD,No,0.0,0.0,0.8780389845958958,0.12196101540410419
8902-ZEOVF,No,0.0,0.0,0.909459441616562,0.09054055838343798
8903-XEBGX,No,0.0,0.0,0.5396612017420924,0.4603387982579076
8908-NMQTX,No,0.0,0.0,0.927507132801203,0.07249286719879695
8908-SLFCJ,No,0.0,0.0,0.9522788355314954,0.04772116446850468
8910-ICHIU,No,0.0,0.0,0.8458242772195429,0.15417572278045713
8910-LEDAG,No,0.0,0.0,0.633752832802248,0.3662471671977519
8915-NNTRC,No,0.0,0.0,0.9163720670380627,0.08362793296193735
8917-SZTTJ,No,0.0,0.0,0.9534986003940951,0.04650139960590494
8919-FYFQZ,Yes,1.0,0.0,0.6977643496046286,0.30223565039537137
8920-NAVAY,No,0.0,0.0,0.7752300199172536,0.2247699800827464
8930-XOTDP,No,0.0,0.0,0.7624039205486517,0.23759607945134842
8942-DBMHZ,No,0.0,0.0,0.8512491524544594,0.14875084754554058
8944-AILEF,No,0.0,0.0,0.8557667512062909,0.14423324879370925
8945-GRKHX,Yes,1.0,1.0,0.3567945471091736,0.6432054528908265
8945-MUQUF,Yes,1.0,0.0,0.8475230543309389,0.15247694566906114
8966-SNIZF,No,0.0,0.0,0.8799944797320911,0.1200055202679088
8979-CAMGB,No,0.0,0.0,0.806042547184377,0.19395745281562302
8980-WQFWL,No,0.0,0.0,0.7413534327081079,0.25864656729189206
8999-BOHSE,Yes,1.0,1.0,0.4654709664806962,0.5345290335193038
9025-ZRPVR,Yes,1.0,0.0,0.8512491524544594,0.14875084754554058
9026-RNUJS,Yes,1.0,0.0,0.6469733514722558,0.3530266485277441
9028-LIHRP,No,0.0,0.0,0.9087712344279573,0.09122876557204282
9046-JBFWA,No,0.0,0.0,0.86663182890478,0.1333681710952201
9052-DHNKM,No,0.0,0.0,0.8781859229019413,0.12181407709805867
9057-MSWCO,Yes,1.0,0.0,0.7533681758076958,0.2466318241923042
9058-MJLZC,No,0.0,0.0,0.5650568694385724,0.4349431305614277
9068-FHQHD,No,0.0,0.0,0.9465264563769218,0.053473543623078205
9079-YEXQJ,Yes,1.0,0.0,0.7553913846558442,0.24460861534415584
9086-YJYXS,No,0.0,0.0,0.892216871806955,0.10778312819304509
9103-CXVOK,No,0.0,0.0,0.8139102352442561,0.18608976475574387
9107-UKCKY,No,0.0,0.0,0.8196169996272713,0.18038300037272875
9108-EJFJP,No,0.0,1.0,0.4437215533472923,0.5562784466527078
9117-SHLZX,Yes,1.0,1.0,0.42016988118707144,0.5798301188129286
9122-UMROB,No,0.0,0.0,0.8174963316306917,0.1825036683693083
9142-KZXOP,No,0.0,0.0,0.7001118945381312,0.2998881054618688
9158-VCTQB,Yes,1.0,0.0,0.6754493174940189,0.324550682505981
9167-APMXZ,No,0.0,0.0,0.5050258083163064,0.49497419168369367
9172-JITSM,Yes,1.0,0.0,0.6242530663941864,0.3757469336058135
9173-IVZVP,No,0.0,0.0,0.9567971693972481,0.0432028306027519
9174-FKWZE,Yes,1.0,0.0,0.8130958198617589,0.18690418013824112
9184-GALIL,No,0.0,0.0,0.8711494276566113,0.12885057234338876
9189-JWSHV,Yes,1.0,0.0,0.5129878723761305,0.4870121276238695
9190-MFJLN,Yes,1.0,0.0,0.5408075662853967,0.45919243371460333
9206-GVPEQ,Yes,1.0,0.0,0.7680736508432537,0.2319263491567463
9209-NWPGU,No,0.0,0.0,0.8820209622647771,0.11797903773522292
9250-WYPLL,Yes,1.0,1.0,0.4941365823242607,0.5058634176757393
9251-AWQGT,No,0.0,0.0,0.9506549984983604,0.04934500150163954
9253-QXKBE,Yes,1.0,0.0,0.5724558519611189,0.4275441480388811
9258-CNWAC,No,0.0,0.0,0.9010328257416812,0.09896717425831882
9261-WDCAF,No,0.0,0.0,0.5332493323967891,0.46675066760321093
9274-UARKJ,No,0.0,1.0,0.41417390253993563,0.5858260974600643
9278-VZKCD,No,0.0,0.0,0.6900980446556881,0.3099019553443118
9279-CJEOJ,No,0.0,0.0,0.5927080736533776,0.40729192634662226
9286-DOJGF,Yes,1.0,0.0,0.6298585379817907,0.3701414620182093
9289-LBQVU,No,0.0,0.0,0.8498994616608917,0.15010053833910827
9294-TDIPC,No,0.0,0.0,0.8556053233946418,0.1443946766053583
9300-RENDD,Yes,1.0,1.0,0.3084666890826437,0.6915333109173563
9308-ANMVE,No,0.0,0.0,0.7798237280124026,0.22017627198759734
9313-QOLTZ,No,0.0,0.0,0.8673931302101661,0.132606869789834
9318-NKNFC,Yes,1.0,0.0,0.8174963316306917,0.1825036683693083
9334-GWGOW,No,0.0,1.0,0.44586991229109213,0.5541300877089079
9350-ZXYJC,No,0.0,0.0,0.8774184194991401,0.12258158050085981
9360-AHGNL,Yes,1.0,0.0,0.7782618070774363,0.22173819292256378
9373-WSLOY,No,0.0,0.0,0.7778977753298423,0.2221022246701577
9374-YOLBJ,No,0.0,0.0,0.8139102352442561,0.18608976475574387
9397-TZSHA,No,0.0,0.0,0.9494352336357608,0.050564766364239275
9405-GPBBG,No,0.0,0.0,0.9090886306885334,0.0909113693114666
9411-TPQQV,No,0.0,0.0,0.8740302045671197,0.1259697954328804
9415-ZNBSX,No,0.0,0.0,0.9217521951839142,0.0782478048160859
9430-FRQOC,Yes,1.0,1.0,0.4260609930392723,0.5739390069607277
9430-NKQLY,No,0.0,0.0,0.9567971693972481,0.0432028306027519
9435-JMLSX,No,0.0,0.0,0.9215271248278859,0.07847287517211411
9443-JUBUO,No,0.0,0.0,0.9288601894037425,0.07113981059625747
9445-ZUEQE,No,0.0,0.0,0.7240504179182354,0.27594958208176457
9447-YPTBX,No,0.0,0.0,0.9051032706763797,0.09489672932362025
9448-REEVD,Yes,1.0,1.0,0.43000824762480305,0.569991752375197
9470-YFUYI,No,0.0,0.0,0.8708061762396765,0.12919382376032357
9481-IEBZY,No,0.0,0.0,0.7566363612209545,0.24336363877904557
9481-SFCQY,No,0.0,0.0,0.7734920338575093,0.22650796614249077
9483-GCPWE,No,0.0,0.0,0.8903829816748904,0.10961701832510953
9496-IVVRP,No,0.0,0.0,0.7707121881379686,0.22928781186203137
9500-LTVBP,No,0.0,0.0,0.734694023612583,0.26530597638741704
9503-XJUME,No,0.0,0.0,0.9014094871850286,0.09859051281497136
9507-EXLTT,Yes,1.0,1.0,0.3084666890826437,0.6915333109173563
9513-DXHDA,No,0.0,0.0,0.876079865446814,0.12392013455318587
9514-JDSKI,Yes,1.0,1.0,0.48638651087801194,0.5136134891219881
9518-RWHZL,Yes,1.0,0.0,0.8140339107972375,0.18596608920276245
9518-XXBXE,No,0.0,0.0,0.5191189178165786,0.4808810821834214
9522-BNTHX,No,0.0,0.0,0.685277651164356,0.314722348835644
9529-OFXHY,No,0.0,1.0,0.4821449148755292,0.5178550851244708
9534-NSXEM,No,0.0,0.0,0.8970533162448464,0.10294668375515363
9541-ZPSEA,No,0.0,0.0,0.8864232042081338,0.11357679579186618
9552-TGUZV,No,0.0,0.0,0.563846549465299,0.43615345053470106
9554-DFKIC,No,0.0,0.0,0.7793639762331653,0.2206360237668347
9555-SAHUZ,No,0.0,0.0,0.7562621292963804,0.24373787070361966
9574-BOSMD,No,0.0,0.0,0.9549560737671777,0.045043926232822336
9575-IWCAZ,No,0.0,0.0,0.905529738277767,0.09447026172223306
9578-FOMUK,No,0.0,0.0,0.8509710249491599,0.14902897505084012
9581-GVBXT,No,0.0,0.0,0.9102041169830625,0.08979588301693747
9584-EXCDZ,No,0.0,1.0,0.4951454058100922,0.5048545941899079
9601-BRXPO,Yes,1.0,0.0,0.6711232942466805,0.32887670575331945
9609-BENEA,No,0.0,0.0,0.8478503303014155,0.15214966969858448
9625-QSTYE,Yes,1.0,1.0,0.4197363635004187,0.5802636364995812
9626-WEQRM,No,0.0,0.0,0.5654784034831387,0.43452159651686123
9638-JIQYA,No,0.0,1.0,0.44008091607558203,0.559919083924418
9639-BUJXT,No,0.0,0.0,0.8970533162448464,0.10294668375515363
9640-ZSLDC,No,0.0,0.0,0.8707262246833776,0.1292737753166224
9647-ERGBE,Yes,1.0,0.0,0.6201898998521999,0.3798101001478002
9661-MHUMO,Yes,1.0,0.0,0.5928649581604222,0.40713504183957777
9670-BPNXF,No,0.0,0.0,0.8750088420907863,0.12499115790921361
9689-PTNPG,Yes,1.0,1.0,0.3420218792291018,0.6579781207708982
9696-RMYBA,No,0.0,1.0,0.38683300229709905,0.613166997702901
9700-ZCLOT,No,0.0,0.0,0.8477167967747574,0.1522832032252426
9708-KFDBY,No,0.0,0.0,0.8174963316306917,0.1825036683693083
9710-ZUSHQ,Yes,1.0,0.0,0.6706888099413578,0.3293111900586422
9711-FJTBX,No,0.0,0.0,0.867870903668456,0.13212909633154404
9717-QEBGU,No,0.0,1.0,0.37890469109002833,0.6210953089099717
9722-UJOJR,Yes,1.0,0.0,0.6614035307225996,0.3385964692774005
9728-FTTVZ,Yes,1.0,1.0,0.3084666890826437,0.6915333109173563
9730-DRTMJ,No,0.0,0.0,0.8810023485842929,0.1189976514157071
9732-EQMWY,No,0.0,0.0,0.6446668883385223,0.3553331116614778
9739-JLPQJ,No,0.0,0.0,0.9116148363236918,0.08838516367630823
9743-DQKQW,No,0.0,1.0,0.4651498316494422,0.5348501683505578
9746-UGFAC,No,0.0,0.0,0.8974797838462335,0.10252021615376644
9747-DDZOS,Yes,1.0,1.0,0.35798382492338127,0.6420161750766187
9762-YAQAA,No,0.0,0.0,0.8066955709395053,0.19330442906049475
9763-PDTKK,Yes,1.0,0.0,0.6096561170772062,0.39034388292279376
9769-TSBZE,No,0.0,0.0,0.9145876050872761,0.08541239491272384
9773-PEQBZ,No,0.0,1.0,0.4352674345575798,0.5647325654424201
9777-IQHWP,No,0.0,0.0,0.8864232042081338,0.11357679579186618
9778-OGKQZ,No,0.0,0.0,0.9243707267236204,0.07562927327637951
9779-DPNEJ,No,0.0,0.0,0.5126904609553772,0.4873095390446228
9780-FKVVF,No,0.0,0.0,0.7102727382219352,0.2897272617780649
9788-YTFGE,No,0.0,0.0,0.8512491524544594,0.14875084754554058
9800-OUIGR,No,0.0,0.0,0.9506549984983604,0.04934500150163954
9804-ICWBG,Yes,1.0,1.0,0.3084666890826437,0.6915333109173563
9812-GHVRI,No,0.0,0.0,0.588497762608072,0.41150223739192804
9814-AOUDH,No,0.0,0.0,0.935737175242705,0.06426282475729493
9819-FBNSV,No,0.0,0.0,0.6298585379817907,0.3701414620182093
9821-POOTN,Yes,1.0,0.0,0.6805639258409892,0.3194360741590107
9831-BPFRI,Yes,1.0,0.0,0.7803845196394215,0.2196154803605785
9833-TGFHX,No,0.0,0.0,0.8269575147525238,0.1730424852474762
9835-ZIITK,Yes,1.0,0.0,0.7135646101591715,0.28643538984082856
9838-BFCQT,No,0.0,0.0,0.9567971693972481,0.0432028306027519
9867-XOBQA,No,0.0,0.0,0.9360527411859149,0.06394725881408517
9878-TNQGW,Yes,1.0,1.0,0.3420218792291018,0.6579781207708982
9880-TDQAC,No,0.0,0.0,0.8769075551014259,0.12309244489857399
9885-AIBVB,No,0.0,0.0,0.6223586606236773,0.37764133937632277
9885-CSMWE,Yes,1.0,1.0,0.3401201596825869,0.6598798403174132
9889-TMAHG,Yes,1.0,0.0,0.5567132836224918,0.44328671637750816
9891-NQDBD,No,0.0,0.0,0.8565058543302824,0.14349414566971755
9894-EZEWG,Yes,1.0,1.0,0.32601132714967807,0.6739886728503219
9906-NHHVC,No,0.0,0.0,0.856119702130963,0.14388029786903697
9909-DFRJA,No,0.0,0.0,0.8308819425465105,0.16911805745348943
9916-AYHTC,No,0.0,0.0,0.9494352336357608,0.050564766364239275
9917-KWRBE,No,0.0,0.0,0.9066763507170037,0.09332364928299632
9919-FZDED,No,0.0,0.0,0.9217212340297236,0.07827876597027639
9919-KNPOO,No,0.0,0.0,0.575943057421181,0.42405694257881904
9921-QFQUL,No,0.0,0.0,0.6535826762440947,0.3464173237559053
9928-BZVLZ,No,0.0,0.0,0.8775089150863218,0.12249108491367829
9938-EKRGF,No,0.0,0.0,0.7924901928788121,0.20750980712118802
9940-RHLFB,Yes,1.0,1.0,0.32498539953664685,0.6750146004633532
9944-HKVVB,Yes,1.0,1.0,0.36937873804092963,0.6306212619590704
9975-SKRNR,No,0.0,0.0,0.8174963316306917,0.1825036683693083
